Institution Name,Institution Code,SS,FSR,FQE,FRU,OE,PU,QP,IPR,FPPP,GUE,GPHD,RD,WD,ESCS,PCS,PR,Year,Institute Name,Institute Code
Indian Institute of Technology Madras ,(IR-O-U-0456),17.0,22.41,16.58,17.57,13.0,31.77,32.66,15.0,12.55,59.98,29.38,21.98,13.06,7.91,20.0,98.75,2022,,
Indian Institute of Science ,(IR-O-U-0220),11.0,25.0,18.11,19.97,8.0,35.0,34.86,9.0,8.59,54.4,30.39,24.46,9.77,3.22,20.0,100.0,2022,,
"Indian Institute of Technology, Bombay ",(IR-O-U-0306),17.0,25.0,18.1,14.45,11.0,30.42,31.72,13.0,8.95,56.79,26.28,20.02,14.86,4.65,20.0,88.8,2022,,
"Indian Institute of Technology, Delhi ",(IR-O-I-1074),17.0,22.43,1748.0,16.07,9.0,31.16,32.62,13.0,8.03,55.05,24.31,24.4,17.72,7.95,20.0,93.08,2022,,
Indian Institute of Technology Kanpur ,(IR-O-I-1075),17.0,22.46,18.31,16.14,13.0,27.49,27.21,9.0,6.84,60.0,23.89,22.2,10.19,7.87,20.0,77.86,2022,,
"Indian Institute of Technology, Kharagpur ",(IR-O-U-0573),16.67,18.98,15.64,11.36,15.0,29.18,32.46,7.0,7.02,50.85,31.08,19.72,11.33,4.8,20.0,79.82,2022,,
"Indian Institute of Technology, Roorkee ",(IR-O-U-0560),16.64,19.98,15.43,12.17,13.0,28.1,29.34,4.0,5.59,60.0,24.42,24.91,12.8,6.65,20.0,48.84,2022,,
Indian Institute of Technology Guwahati ,(IR-O-U-0053),15.44,23.23,15.54,12.09,12.0,28.27,28.31,3.0,3.96,60.0,23.26,24.07,13.61,1.9,20.0,45.93,2022,,
"All India Institute of Medical Sciences, Delhi", (IR-O-N-15),10.05,25.0,18.52,20.0,2.0,30.25,26.57,1.0,2.57,60.0,12.67,21.37,26.0,0.0,20.0,75.15,2022,,
Jawaharlal Nehru University ,(IR-O-U-0109),14.92,24.27,17.07,12.18,3.5,20.62,21.85,2.0,1.09,55.27,40.0,22.88,27.4,0.0,20.0,59.19,2022,,
Banaras Hindu University ,(IR-O-U-0500),20.0,20.31,16.04,10.56,3.0,18.12,23.81,0.5,1.48,60.0,37.74,8.56,26.48,2.29,20.0,53.95,2022,,
Jadavpur University ,(IR-O-U-0575),17.25,20.85,16.35,7.62,1.5,23.28,24.43,1.5,4.51,60.0,30.1,4.89,23.52,8.45,20.0,49.53,2022,,
"Jamia Millia Islamia, New Delhi",(IR-O-U-0108),16.0,25.0,16.01,9.66,1.5,18.58,22.12,3.0,3.68,60.0,32.46,22.35,29.84,8.95,20.0,23.57,2022,,
Indian Institute of Technology Hyderabad ,(IR-O-U-0013),10.15,25.0,17.89,14.4,6.0,23.13,22.86,4.0,3.19,60.0,11.53,17.84,15.91,2.99,20.0,49.01,2022,,
Calcutta University ,(IR-O-U-0570),17.97,24.21,17.27,8.01,0.0,16.14,18.51,1.5,4.7,60.0,35.48,4.61,30.0,7.28,20.0,37.86,2022,,
Amrita Vishwa Vidyapeetham,(IR-O-U-0436),18.0,25.0,15.99,10.81,0.0,20.35,19.0,6.0,4.7,60.0,14.09,20.8,27.77,0.96,20.0,38.09,2022,,
"Manipal Academy of Higher Education,Manipal",(IR-O-U-0234),17.56,25.0,16.55,11.42,0.0,19.62,21.76,3.0,6.68,57.95,20.2,16.85,26.98,0.98,20.0,26.37,2022,,
Vellore Institute of Technology ,(IR-O-U-0490),18.55,16.21,12.69,5.27,0.0,23.35,28.9,7.0,0.58,58.5,20.93,16.91,22.05,0.11,20.0,45.74,2022,,
Aligarh Muslim University ,(IR-O-U-0496),17.17,24.59,17.23,9.22,1.0,17.09,22.36,1.5,2.09,56.54,32.38,7.93,25.39,2.98,20.0,27.85,2022,,
University of Hyderabad ,(IR-O-U-0042),13.44,25.0,19.84,9.16,3.5,19.16,19.34,0.0,1.68,60.0,23.97,16.59,26.91,0.0,20.0,31.99,2022,,
"National Institute of Technology, Tiruchirapalli ",(IR-O-U-0467),15.0,19.22,15.52,10.99,0.0,20.72,20.76,2.0,2.24,60.0,15.74,17.77,21.36,734.0,20.0,52.2,2022,,
Anna University ,(IR-O-U-0439),15.07,18.98,12.75,6.53,0.0,21.36,24.34,4.0,3.45,59.2,15.77,0.7,2519.0,340.0,20.0,62.1,2022,,
University of Delhi ,(IR-O-U-0120),17.66,9.7,7.6,8.14,0.0,21.29,26.13,2.5,2.9,54.23,37.63,14.7,23.85,0.32,20.0,45.93,2022,,
Bharathiar University ,(IR-O-U-0447),11.77,25.0,18.66,8.54,0.0,21.82,20.89,0.5,1.45,60.0,18.31,6.28,30.0,7.68,20.0,26.97,2022,,
Savitribai Phule Pune University ,(IR-O-U-0323),13.79,18.54,13.54,11.79,6.0,18.74,19.83,0.5,2.58,60.0,32.44,3.55,25.54,2.98,20.0,16.97,2022,,
"Indian Institute of Science Education & Research, Pune ",(IR-O-U-0305),8.61,25.0,17.29,13.76,7.0,20.61,20.64,1.0,1.93,52.88,12.55,18.72,22.47,1.76,20.0,27.85,2022,,
"National Institute of Technology Karnataka, Surathkal ",(IR-O-U-0237),15.0,18.51,14.35,11.45,0.0,20.71,18.92,3.0,2.51,60.0,15.55,17.74,16.32,10.39,20.0,38.54,2022,,
Institute of Chemical Technology ,(IR-O-U-0308),9.23,19.59,15.86,12.59,2.0,18.82,18.92,11.0,1.64,60.0,19.61,6.57,25.02,2.92,20.0,18.45,2022,,
Indian Institute of Technology (Banaras Hindu University) Varanasi ,(IR-O-U-0701),15.1,15.05,12.38,9.9,2.0,21.4,23.19,3.5,2.22,60.0,14.26,17.76,9.99,8.89,20.0,39.21,2022,,
Siksha 'o' Anusandhan,(IR-O-U-0363),17.07,25.0,15.26,10.98,0.0,14.32,15.64,3.0,2.61,60.0,13.45,17.17,30.0,1.23,20.0,27.26,2022,,
Indian Institute of Technology Indore ,(IR-O-U-0273),7.87,25.0,16.88,12.71,0.0,24.32,23.65,1.0,0.95,60.0,12.44,18.27,11.56,3.16,20.0,16.21,2022,,
Birla Institute of Technology & Science - Pilani,(IR-O-U-0391),17.5,17.86,14.14,9.77,0.0,18.61,21.81,3.0,3.33,60.0,13.45,22.82,15.87,0.06,20.0,27.26,2022,,
Homi Bhabha National Institute ,(IR-O-U-0304),10.09,25.0,17.86,19.56,0.0,19.3,19.9,2.5,3.55,42.26,26.67,14.33,22.68,0.0,15.0,5.31,2022,,
Kalinga Institute of Industrial Technology ,(IR-O-U-0356),19.0,25.0,18.0,7.0,0.0,10.72,14.34,3.0,2.14,60.0,15.13,24.59,30.0,3.27,20.0,17.71,2022,,
Indian Institute of Technology Ropar ,(IR-O-U-0378),8.82,25.0,17.86,14.51,9.0,15.97,15.52,1.0,1.17,60.0,5.71,23.77,14.67,5.89,20.0,20.57,2022,,
S.R.M. Institute of Science and Technology ,(IR-O-U-0473),16.93,19.51,12.15,7.32,2.0,16.02,20.99,7.0,1.27,60.0,11.41,16.38,25.09,1.07,20.0,25.15,2022,,
"Indian Institute of Technology, Gandhinagar ",(IR-O-U-0139),9.0,23.15,17.46,14.29,4.0,18.43,17.97,1.0,1.65,56.02,9.82,22.45,19.54,4.5,20.0,20.23,2022,,
Indian Institute of Technology (Indian School of Mines) ,(IR-O-U-0205),12.39,15.73,13.0,9.95,0.0,25.18,25.29,1.5,2.69,56.08,15.71,19.15,7.46,7.73,20.0,23.57,2022,,
National Institute of Technology Rourkela,(IR-O-U-0357),15.9,18.29,14.97,7.69,2.5,23.0,23.54,1.5,1.05,52.74,15.96,15.95,14.5,6.46,20.0,18.08,2022,,
"Indian Institute of Science Education & Research, Kolkata ",(IR-O-U-0572),7.93,25.0,17.38,13.25,0.0,18.44,19.12,1.0,0.86,57.11,9.09,16.19,18.71,1.69,20.0,25.46,2022,,
Panjab University ,(IR-O-U-0078),16.22,12.69,9.9,6.62,3.0,15.75,23.22,3.0,1.21,43.8,30.82,13.8,26.08,0.85,20.0,27.56,2022,,
Amity University ,(IR-O-U-0497),16.82,16.02,11.21,5.52,0.0,15.88,18.67,10.0,3.33,60.0,10.35,15.01,28.85,31.0,20.0,1343.0,2022,,
"Indian Institute of Technology, Mandi ",(IR-O-U-0184),7.02,22.09,17.96,13.22,2.5,18.22,16.37,2.0,0.67,57.34,8.22,21.43,18.67,6.91,20.0,12.18,2022,,
Saveetha Institute of Medical and Technical Sciences ,(IR-O-I-1441),15.5,17.85,14.77,8.16,0.0,20.92,16.36,3.5,2.22,60.0,9.46,14.62,27.22,4.13,20.0,5.31,2022,,
National Institute of Technology Warangal ,(IR-O-U-0025),15.0,18.39,14.81,9.53,0.0,16.35,16.18,1.5,1.19,60.0,13.48,16.57,14.32,4.25,20.0,25.15,2022,,
Osmania University ,(IR-O-U-0027),16.72,17.16,12.68,11.67,2.0,10.51,11.7,1.5,6.71,60.0,19.98,1.79,28.95,7.63,18.0,17.71,2022,,
"Indian Institute of Science Education & Research, Mohali ",(IR-O-U-0377),8.63,22.94,17.56,12.21,2.5,15.45,15.25,0.5,0.88,54.87,8.02,23.14,24.27,4.03,20.0,20.57,2022,,
Chandigarh University ,(IR-O-U-0747),17.87,25.0,14.41,5.76,0.0,3.12,5.99,9.0,4.05,60.0,9.27,25.19,30.0,3.44,20.0,31.19,2022,,
Shanmugha Arts Science Technology & Research Academy,(IR-O-U-0476),15.06,23.86,15.39,7.03,0.0,15.37,17.92,1.0,3.94,60.0,7.66,11.68,27.52,55.0,20.0,9.57,2022,,
Kalinga Institute of Industrial Technology ,(IR-O-U-0458),13.31,24.92,15.88,5.99,0.0,9.36,12.39,2.5,2.22,60.0,11.2,17.48,30.0,7.23,20.0,22.92,2022,,
"Mahatma Gandhi University, Kottayam ",(IR-O-U-0262),7.41,24.14,16.01,16.61,1.0,16.05,16.33,1.0,2.79,58.15,12.32,0.78,30.0,40.0,20.0,2.74,2022,,
Kerala University ,(IR-O-U-0260),10.48,23.79,16.94,12.02,2.0,9.23,10.27,0.0,0.8,60.0,34.4,1.07,30.0,0.0,20.0,2.21,2022,,
Alagappa University ,(IR-O-U-0435),11.63,25.0,18.36,6.68,0.0,13.84,16.8,1.0,0.99,60.0,12.21,0.73,30.0,0.83,20.0,1845.0,2022,,
Jawaharlal Institute of Post Graduate Medical Education & Research ,(IR-O-U-0368),8.5,25.0,17.47,17.2,0.0,14.41,11.34,0.0,0.36,60.0,3.63,19.77,27.57,0.83,20.0,18.81,2022,,
Koneru Lakshmaiah Education Foundation University (K L College of Engineering) ,(IR-O-U-0020),14.95,25.0,17.25,4.02,0.0,17.07,15.51,3.5,0.55,60.0,7.04,10.96,25.6,0.26,20.0,12.6,2022,,
Mysore University ,(IR-O-U-0235),16.0,22.17,17.11,7.61,6.0,6.8,9.43,0.0,0.58,60.0,30.68,158.0,30.0,2.21,20.0,4.8,2022,,
Thapar Institute of Engineering and Technology ,(IR-O-I-1480),13.86,15.12,12.09,8.79,0.0,18.92,23.19,2.0,0.71,60.0,10.57,14.32,19.99,0.79,20.0,16.21,2022,,
Lovely Professional University ,(IR-O-U-0379),17.85,22.87,11.49,4.19,0.0,10.1,15.05,7.0,2.57,60.0,6.11,23.78,22.02,3.53,20.0,20.57,2022,,
"Indian Institute of Technology, Patna ",(IR-O-U-0064),8.26,20.28,15.49,12.02,6.0,19.87,17.77,1.0,0.67,54.33,7.92,17.39,9.37,5.22,20.0,14.24,2022,,
JSS Academy of higher Education and Research,(IR-O-U-0222),14.0,25.0,17.52,11.6,0.0,6.64,11.3,1.5,1.97,60.0,9.04,15.93,30.0,344.0,20.0,16.97,2022,,
Indian Institute of Science Education & Research Bhopal ,(IR-O-U-0272),8.6,22.58,17.09,13.48,5.0,14.13,14.15,0.0,0.9,57.63,7.2,23.23,20.04,3.57,20.0,8.66,2022,,
Symbiosis international,(IR-O-U-0329),14.97,24.1,14.99,11.57,0.0,4.24,7.76,1.5,4.3,60.0,14.9,16.46,28.32,1.78,20.0,25.46,2022,,
Delhi Technological University ,(IR-O-U-0098),15.73,25.0,11.02,6.18,0.0,13.07,17.11,0.5,1.78,60.0,6.55,14.71,20.67,1.96,20.0,28.71,2022,,
Gauhati University ,(IR-O-U-0052),16.0,18.77,14.66,9.99,0.0,8.82,10.67,1.0,1.17,60.0,29.82,4.71,30.0,3.49,20.0,8.66,2022,,
Indian Institute of Technology Bhubaneswar ,(IR-O-U-0355),9.12,18.67,15.14,10.93,0.0,18.18,18.51,0.5,1.01,58.74,6.71,23.28,10.48,6.69,20.0,16.97,2022,,
"Indian Institute of Engineering Science and Technology, Shibpur ",(IR-O-U-0584),11.42,16.55,12.12,8.43,1.5,19.79,17.76,0.5,1.3,56.18,14.26,11.12,13.85,3.29,20.0,27.26,2022,,
Sathyabama Institute of Science and Technology ,(IR-O-U-0474),13.11,24.33,14.44,5.11,0.0,13.1,14.01,1.5,1.26,60.0,5.82,16.51,26.07,2.48,20.0,23.57,2022,,
"Visvesvaraya National Institute of Technology, Nagpur ",(IR-O-U-0334),11.8,18.11,14.4,9.22,0.0,15.84,15.25,6.0,2.19,60.0,10.53,13.51,17.75,3.35,20.0,6.29,2022,,
Cochin University of Science and Technology ,(IR-O-U-0253),12.0,20.28,16.01,8.77,0.0,15.98,13.78,1.5,1.31,60.0,13.37,0.87,30.0,0.76,20.0,13.02,2022,,
University of Madras , (IR-O-I-1357),11.35,21.57,16.16,7.5,0.0,15.42,15.19,0.5,1.23,54.93,16.36,3.28,29.13,0.0,20.0,18.45,2022,,
"Andhra University, Visakhapatnam ",(IR-O-U-0006),15.0,14.81,11.92,12.32,0.0,10.46,10.28,1.0,4.07,60.0,25.7,1.19,28.21,4.34,20.0,15.04,2022,,
National Institute of Technology Durgapur ,(IR-O-U-0577),11.8,18.35,14.94,8.86,0.0,17.21,16.23,1.0,0.72,60.0,10.09,14.2,12.96,9.98,20.0,14.24,2022,,
Gujarat University ,(IR-O-U-0136),12.94,25.0,15.84,8.98,2.0,5.28,6.79,1.5,4.81,60.0,23.3,7.39,30.0,0.0,20.0,3.78,2022,,
Jamia Hamdard,(IR-O-U-0107),14.39,20.27,14.44,7.83,0.0,12.21,15.34,0.5,2.1,60.0,10.35,14.03,28.34,0.56,18.0,12.18,2022,,
King George's Medical University ,(IR-O-U-0523),7.2,25.0,15.64,18.49,0.0,12.43,12.49,0.0,1.39,60.0,3.36,6.49,26.37,2.97,20.0,9.57,2022,,
DR. D. Y. Patil Vidyapeeth,(IR-O-I-1110),12.05,25.0,18.31,14.43,0.0,6.14,10.31,1.0,1.76,60.0,4.27,11.26,30.0,0.04,20.0,10.89,2022,,
"National Institute of Technology, Silchar ",(IR-O-U-0055),11.71,18.14,14.57,7.84,0.0,17.56,16.91,2.0,0.37,59.63,8.8,14.33,15.46,7.31,20.0,6.29,2022,,
Babasheb Bhimrao Ambedkar University ,(IR-O-U-0498),13.23,19.25,15.84,5.23,0.0,7.6,11.18,0.5,0.4,60.0,22.46,16.82,30.0,7.77,20.0,4.8,2022,,
Indian Institute of Management Kozhikode ,(IR-O-S-8909),7.0,25.0,17.64,16.29,0.0,3.06,5.83,0.0,6.62,60.0,1.55,25.02,27.31,0.0,20.0,23.89,2022,,
Guru Nanak Dev University ,(IR-O-U-0376),14.89,17.82,10.84,751.0,0.0,10.05,14.37,1.0,3.31,60.0,18.53,3.99,29.75,2.86,20.0,10.01,2022,,
Mumbai University ,(IR-O-U-0318),15.72,16.01,10.57,10.87,2.0,7.27,8.44,5.0,1.82,60.0,22.54,2.85,28.93,417.0,20.0,7.26,2022,,
Bharathidasan University ,(IR-O-U-0448),8.06,23.16,17.27,9.22,0.0,15.72,16.08,0.0,0.76,48.5,13.3,1.01,26.23,0.87,20.0,18.81,2022,,
Sri Ramachandra Institute of Higher Education and Research ,(IR-O-1-1486),12.65,25.0,17.95,14.08,0.0,6.08,8.04,1.0,1.95,60.0,4.33,11.21,30.0,3.87,20.0,6.78,2022,,
University of Kashmir ,(IR-O-U-0196),15.92,18.94,14.8,7.42,3.5,8.0,11.34,0.0,1.89,60.0,19.56,0.0,29.44,1.93,20.0,3.78,2022,,
"Dr. B R Ambedkar National Institute of Technology, Jalandhar ",(IR-O-U-0374),11.85,24.77,14.53,6.52,0.0,12.96,14.04,0.5,0.38,60.0,6.39,15.0,21.0,8.32,20.0,4.8,2022,,
All India Institute of Medical Sciences Jodhpur ,(IR-O-U-0689),5.81,25.0,18.25,15.31,0.0,12.84,12.49,0.5,40.0,60.0,40.0,13.2,27.47,0.83,20.0,4.3,2022,,
Banasthali Vidyapith,(IR-O-U-0389),16.5,17.35,12.31,5.35,1.5,5.7,8.67,0.0,1.62,60.0,24.96,24.0,30.0,1.82,20.0,5.31,2022,,
Madurai Kamaraj University ,(IR-O-U-0463),7.72,25.0,19.13,8.98,2.5,10.43,13.08,0.0,0.53,54.04,11.2,3.32,29.14,0.0,20.0,12.6,2022,,
SVKM's Narsee Monjee Institute of Management Studies ,(IR-O-N-10),13.77,25.0,15.91,12.25,1.5,5.19,8.0,1.5,2.97,60.0,4.52,14.01,28.16,0.0,20.0,7.26,2022,,
Tezpur University ,(IR-O-U-0056),12.05,21.26,16.01,7.39,3.0,11.72,13.23,1.5,1.04,54.35,8.94,4.05,25.68,0.94,20.0,16.97,2022,,
Malaviya National Institute of Technology ,(IR-O-U-0410),13.26,17.4,13.83,7.22,0.0,17.4,18.35,1.5,143.0,50.63,10.09,12.17,17.22,6.8,20.0,3.78,2022,,
Datta Meghe Institute of Medical Sciences ,(IR-O-U-0295),11.31,25.0,18.17,10.77,0.0,7.35,8.8,6.0,1.39,55.14,4.45,12.24,30.0,3.14,20.0,1.12,2022,,
University of Jammu ,(IR-O-U-0195),13.13,23.36,17.8,9.6,1.0,7.24,10.89,0.0,1.0,60.0,14.83,0.12,30.0,0.51,16.0,2.74,2022,,
Shiv Nadar University ,(IR-O-U-0642),8.28,24.8,19.29,11.15,0.0,8.72,10.42,0.5,1.11,60.0,4.7,15.59,24.95,0.84,20.0,5.8,2022,,
Bharath Institute of Higher Education & Research ,(IR-O-U-0446),12.92,23.01,13.99,6.28,0.0,8.19,9.21,4.5,1.26,60.0,10.31,13.91,28.38,1.99,20.0,4.3,2022,,
Sri Sivasubramaniya Nadar College of Engineering ,(IR-O-C-16604),10.0,21.36,14.63,7.15,0.0,14.99,13.24,1.5,0.97,58.28,5.59,3.25,25.52,3.96,20.0,15.04,2022,,
University of Petroleum and Energy Studies ,(IR-O-U-0564),13.41,22.16,13.23,7.88,0.0,6.7,8.65,3.5,0.63,60.0,48.0,21.38,23.63,0.01,20.0,31.99,2022,,
Bangalore University ,(IR-O-U-0215),14.12,20.4,13.67,10.52,0.0,7.18,8.0,2.0,21.0,60.0,14.73,1.12,29.12,6.8,20.0,10.45,2022,,
Tata Institute of Social Sciences ,(IR-O-U-0331),12.72,21.15,14.11,8.67,0.0,3.48,3.66,0.0,3.31,60.0,18.36,16.69,28.65,10.08,20.0,11.75,2022,,
Visvesvaraya Technological University ,(IR-O-U-0249),7.52,24.2,14.88,12.34,0.0,14.17,12.47,0.5,0.14,60.0,1.1,1.78,28.39,8.19,20.0,4.3,2022,,
Indian Institute of Technology Madras ,(IR-O-U-0456),17.0,23.97,17.72,12.91,14.0,31.38,32.78,15.0,13.35,59.98,26.34,22.17,13.97,7.43,20.0,97.13,20211,,
Indian Institute of Science ,(IR-O-U-0220),10.46,25.0,18.34,15.33,10.0,35.0,35.0,13.0,8.48,50.6,27.63,21.91,9.21,7.27,20.0,100.0,20211,,
Indian Institute of Technology Bombay ,(IR-O-U-0306),17.0,24.33,19.52,9.67,13.0,30.47,31.93,15.0,10.4,55.83,25.03,20.23,14.86,4.38,18.0,91.96,20211,,
Indian Institute of Technology Delhi ,(IR-O-1-1074),17.0,24.65,18.61,11.77,12.0,31.17,32.23,11.0,10.06,52.94,22.13,25.31,18.67,3.99,20.0,93.89,20211,,
Indian Institute of Technology Kanpur ,(IR-O-1-1075),15.7,22.03,17.12,11.65,14.0,27.24,27.0,13.0,7.99,60.0,20.74,19.7,9.0,8.28,20.0,79.3,20211,,
Indian Institute of Technology Kharagpur ,(IR-O-U-0573),16.8,19.19,15.65,7.62,15.0,28.93,32.21,6.0,9.08,55.57,27.66,19.99,10.92,4.45,20.0,82.92,20211,,
Indian Institute of Technology Roorkee ,(IR-O-U-0560),16.51,21.42,16.24,8.51,14.0,28.16,29.25,5.0,5.97,60.0,23.16,24.86,13.64,6.81,20.0,47.28,20211,,
Indian Institute of Technology Guwahati ,(IR-O-U-0053),14.15,24.21,17.39,8.0,10.0,27.8,28.15,7.0,3.31,60.0,21.26,24.41,13.58,4.97,20.0,47.04,20211,,
Jawaharlal Nehru University ,(IR-O-U-0109),15.5,24.73,16.98,8.99,5.0,20.15,20.56,3.0,1.25,59.55,35.52,24.5,28.86,0.0,20.0,54.12,20211,,
Banaras Hindu University ,(IR-O-U-0500),20.0,18.56,14.88,7.06,4.0,18.18,23.64,1.0,2.17,60.0,40.0,9.61,24.23,3.28,16.0,49.38,20211,,
Calcutta University ,(IR-O-U-0570),17.52,24.21,16.02,4.95,3.5,15.86,18.04,6.0,4.03,60.0,31.72,3.98,30.0,7.0,20.0,39.68,20211,,
Amrita Vishwa Vidyapeetham,(IR-O-U-0436),17.39,25.0,15.66,6.18,0.0,19.82,18.37,11.0,5.14,59.4,11.95,16.14,28.12,1.28,20.0,34.8,20211,,
Jamia Millia Islamia,(IR-O-U-0108),16.0,25.0,16.01,6.44,3.0,16.6,19.93,3.0,3.9,60.0,26.67,17.4,26.59,8.36,20.0,20.25,20211,,
Jadavpur University ,(IR-O-U-0575),17.32,15.74,12.57,3.58,2.5,22.54,24.27,1.5,3.41,60.0,27.77,2.55,20.28,7.34,20.0,53.3,20211,,
Manipal Academy of Higher Education,(IR-O-U-0234),17.75,25.0,16.79,8.14,0.0,18.3,19.29,3.0,7.58,56.19,19.86,17.21,27.01,1.03,20.0,24.18,20211,,
Indian Institute of Technology Hyderabad ,(IR-O-U-0013),8.83,25.0,16.78,10.78,0.0,21.7,22.42,5.0,3.52,60.0,7.51,17.94,15.03,5.61,20.0,49.61,20211,,
University of Hyderabad ,(IR-O-U-0042),12.82,25.0,19.7,6.06,6.0,18.84,19.05,1.0,1.85,55.45,21.99,15.19,25.53,0.0,18.0,32.13,20211,,
Aligarh Muslim University ,(IR-O-U-0496),20.0,24.09,16.79,6.18,2.0,15.84,20.94,2.0,2.08,52.81,27.25,8.37,25.84,2.72,20.0,27.0,20211,,
University of Delhi ,(IR-O-U-0120),17.65,11.1,8.48,5.43,0.0,21.13,26.34,3.0,3.76,48.47,34.19,13.71,25.6,0.28,20.0,44.81,20211,,
Savitribai Phule Pune University ,(IR-O-U-0323),13.22,19.35,13.94,8.45,8.0,18.52,19.05,2.0,3.2,60.0,26.96,3.14,25.19,2.59,20.0,16.41,20211,,
Vellore Institute of Technology ,(IR-O-U-0490),17.18,15.64,12.02,3.59,0.0,23.23,27.91,5.0,0.69,53.36,16.58,17.83,21.44,0.11,20.0,38.8,20211,,
Bharathiar University ,(IR-O-U-0447),11.57,25.0,18.86,6.36,0.0,22.64,21.29,2.0,1.51,60.0,14.17,3.21,30.0,2.0,18.0,24.6,20211,,
National Institute of Technology Tiruchirapalli ,(IR-O-U-0467),15.0,16.67,12.97,7.76,0.0,19.09,19.09,3.0,3.4,60.0,11.79,17.91,18.69,6.74,20.0,51.82,20211,,
Indian Institute of Science Education & Research Pune ,(IR-O-U-0305),8.31,25.0,17.66,10.28,6.0,20.59,21.45,2.0,1.55,50.0,9.31,17.68,19.15,1.92,20.0,28.91,20211,,
Anna University ,(IR-O-U-0439),15.62,19.49,12.94,3.87,0.0,17.9,19.6,2.0,3.59,60.0,13.11,0.82,27.19,3.34,20.0,61.72,20211,,
Indian Institute of Technology (Indian School of Mines),(IR-O-U-0205),14.02,15.24,12.52,6.4,0.0,24.74,24.98,2.5,4.42,58.55,12.6,20.35,6.71,8.09,20.0,27.0,20211,,
Institute of Chemical Technology ,(IR-O-U-0308),8.72,17.87,14.53,8.92,0.0,19.28,19.39,15.0,2.15,60.0,15.96,6.24,24.89,1.94,13.0,22.04,20211,,
Indian Institute of Technology (Banaras Hindu University)Varanasi,(IR-O-U-0701),15.12,16.43,13.21,7.11,4.0,19.8,21.5,4.0,2.11,58.51,11.37,18.07,9.6,9.01,20.0,31.08,20211,,
Birla Institute of Technology & Science -Pilani ,(IR-O-U-0391),16.5,18.19,14.51,6.62,0.0,16.86,19.15,3.0,4.12,60.0,12.05,23.07,16.36,0.07,20.0,32.81,20211,,
Indian Institute of Technology Indore ,(IR-O-U-0273),6.89,24.68,16.65,9.29,0.0,23.66,22.78,2.0,0.81,59.81,9.89,17.98,11.44,7.18,20.0,15.91,20211,,
Indian Institute of Technology Ropar ,(IR-O-U-0378),8.79,25.0,17.57,10.4,11.0,14.35,16.31,1.5,0.75,57.93,4.12,23.95,15.12,4.82,20.0,23.76,20211,,
National Institute of Technology Karnataka ,(IR-O-U-0237),13.5,18.93,14.14,7.24,0.0,19.9,18.26,1.0,2.58,60.0,13.32,18.11,17.89,9.58,20.0,30.01,20211,,
Indian Institute of Technology Gandhinagar ,(IR-O-U-0139),7.76,23.9,18.32,10.28,11.0,16.42,18.0,1.0,1.73,51.59,5.62,22.18,18.74,3.29,20.0,23.76,20211,,
Mysore University ,(IR-O-U-0235),16.0,22.93,16.7,5.14,8.0,7.09,8.9,2.0,0.8,60.0,30.54,1.69,30.0,2.56,20.0,6.85,20211,,
Indian Institute of Science Education & Research Kolkata ,(IR-O-U-0572),8.44,25.0,16.8,9.42,0.0,17.8,19.74,0.5,0.79,60.0,6.26,15.56,16.23,1.74,20.0,23.34,20211,,
Homi Bhabha National Institute ,(IR-O-U-0304),8.73,25.0,18.08,16.83,0.0,15.66,17.27,0.0,3.51,41.78,24.2,13.13,22.66,0.0,15.0,6.22,20211,,
Siksha 'O' Anusandhan,(IR-O-U-0363),16.22,25.0,15.33,7.35,0.0,11.03,13.58,4.0,1.31,60.0,11.34,15.07,30.0,0.83,20.0,13.28,20211,,
Panjab University ,(IR-O-U-0078),15.99,13.27,10.17,4.45,5.0,15.22,22.39,2.0,1.25,44.67,26.9,12.67,25.36,0.47,15.0,37.31,20211,,
Kalinga Institute of Industrial Technology ,(IR-O-U-0356),19.0,24.62,17.25,15.3,0.0,9.41,12.19,3.0,3.18,60.0,10.0,24.92,30.0,3.5,20.0,11.06,20211,,
"Indian Institute of Science Education & Research, Mohali ",(IR-O-U-0377),8.33,24.55,18.62,8.92,2.0,15.0,15.15,1.0,0.71,54.38,5.2,21.85,23.99,5.81,20.0,22.04,20211,,
National Institute of Technology Rourkela ,(IR-O-U-0357),14.86,16.1,13.2,5.05,0.0,22.46,23.1,1.5,1.24,50.98,14.34,14.94,12.28,4.44,20.0,17.89,20211,,
Shanmugha Arts Science Technology & Research Academy,(IR-O-U-0476),15.15,24.13,15.25,4.06,0.0,15.22,17.03,1.5,4.53,60.0,6.3,9.22,27.86,0.7,20.0,10.48,20211,,
Amity University ,(IR-O-U-0497),16.7,17.18,11.51,3.59,0.0,14.26,15.8,9.0,4.22,60.0,7.55,14.87,29.55,0.24,20.0,12.18,20211,,
Kerala University ,(IR-O-U-0260),11.5,25.0,16.12,12.15,0.0,9.13,10.15,0.0,0.65,60.0,29.11,15.3,30.0,0.0,20.0,49.1,20211,,
Thapar Institute of Engineering and Technology ,(IR-O-I-1480),13.88,17.42,13.18,5.96,0.0,17.96,21.59,2.0,0.71,60.0,7.3,14.61,20.95,0.79,20.0,19.32,20211,,
Indian Institute of Engineering Science and Technology ,(IR-O-U-0584),11.07,18.68,13.63,5.7,2.5,19.38,17.48,1.0,1.14,57.54,14.11,12.07,14.79,3.36,20.0,27.77,20211,,
University of Madras ,(IR-O-I-1357),10.53,24.51,17.35,4.96,4.0,14.63,13.77,2.0,1.42,52.03,14.4,4.39,29.49,0.0,20.0,20.25,20211,,
"Andhra University, Visakhapatnam ",(IR-O-U-0006),15.96,16.4,12.83,8.35,1.5,10.27,9.6,0.5,5.22,60.0,25.84,41.51,29.32,3.62,20.0,18.37,20211,,
Saveetha Institute of Medical and Technical Sciences ,(IR-O-I-1441),14.04,25.0,17.94,4.8,0.0,14.44,12.97,4.5,2.37,60.0,4.91,14.0,28.31,3.68,20.0,2.18,20211,,
Indian Institute of Science Education & Research Bhopal ,(IR-O-U-0272),8.62,23.48,17.11,9.57,5.0,14.08,15.29,0.5,1.03,57.82,5.67,23.44,19.67,3.51,20.0,8.1,20211,,
Indian Institute of Technology Patna ,(IR-O-U-0064),7.11,22.73,16.85,9.35,4.0,18.39,16.47,1.5,0.66,52.11,5.48,16.76,9.66,7.52,20.0,16.41,20211,,
Mahatma Gandhi University ,(IR-O-U-0262),7.61,21.81,14.93,12.91,2.0,15.48,15.71,1.0,2.53,58.98,9.79,0.6,30.0,1.95,20.0,4.24,20211,,
S.R.M. Institute of Science and Technology ,(IR-O-U-0473),16.43,18.01,10.92,4.58,0.0,13.01,18.21,6.0,1.86,60.0,8.47,15.51,22.29,0.8,20.0,10.48,20211,,
Visvesvaraya National Institute of Technology ,(IR-O-U-0334),11.89,18.27,13.98,5.71,0.0,15.27,15.29,4.0,2.75,60.0,8.93,13.78,18.15,3.18,20.0,15.39,20211,,
Delhi Technological University ,(IR-O-U-0098),15.43,25.0,10.29,3.8,0.0,10.87,14.49,2.0,2.45,60.0,5.95,17.16,20.37,1.72,20.0,25.82,20211,,
JSS Academy of Higher Education and Research,(IR-O-U-0222),13.0,25.0,17.74,7.3,0.0,4.48,10.63,2.0,2.28,60.0,6.7,17.16,30.0,2.88,20.0,18.85,20211,,
Alagappa University ,(IR-O-U-0435),11.13,25.0,18.27,4.31,0.0,11.44,14.65,0.0,1.23,58.28,9.16,0.33,30.0,1.35,20.0,23.34,20211,,
Indian Institute of Technology Bhubaneswar ,(IR-O-U-0355),7.6,19.9,16.48,7.75,0.0,17.63,18.25,1.0,0.96,58.27,4.37,22.49,10.65,1.87,20.0,18.85,20211,,
National Institute of Technology Warangal ,(IR-O-U-0025),15.0,16.86,13.46,5.29,0.0,15.01,14.72,0.0,1.32,60.0,10.32,17.45,14.88,4.04,20.0,25.01,20211,,
King George's Medical University ,(IR-O-U-0523),8.27,25.0,13.54,17.58,0.0,11.38,11.54,3.0,1.31,60.0,2.97,5.19,30.0,2.38,20.0,8.1,20211,,
Sathyabama Institute of Science and Technology ,(IR-O-U-0474),12.94,23.88,14.11,3.13,0.0,12.12,12.48,8.0,1.4,60.0,4.82,16.85,24.78,3.05,20.0,7.48,20211,,
Osmania University ,(IR-O-U-0027),17.0,14.89,11.03,7.12,2.0,10.12,11.3,0.5,6.24,60.0,19.86,0.22,27.74,5.67,18.0,13.82,20211,,
Gujarat University ,(IR-O-U-0136),12.84,25.0,15.69,5.23,6.0,4.27,5.61,1.0,4.82,60.0,21.28,6.13,30.0,0.0,20.0,5.57,20211,,
Jamia Hamdard,(IR-O-U-0107),13.97,22.44,15.74,5.68,0.0,10.6,13.58,1.0,2.44,60.0,9.75,13.8,28.01,0.83,18.0,8.1,20211,,
Cochin University of Science and Technology ,(IR-O-U-0253),11.9,20.51,15.96,6.0,0.0,14.78,12.71,1.0,1.14,60.0,10.28,1.16,30.0,1.54,20.0,14.88,20211,,
Banasthali Vidyapith,(IR-O-U-0389),16.5,18.18,12.59,2.92,4.0,4.81,7.54,0.0,1.87,60.0,23.55,24.55,30.0,1.44,20.0,10.48,20211,,
Gauhati University ,(IR-O-U-0052),16.0,18.09,14.51,6.57,0.0,7.47,9.79,0.5,1.29,60.0,23.56,4.62,30.0,3.78,20.0,10.48,20211,,
Symbiosis International,(IR-O-U-0329),15.5,25.0,12.66,7.67,0.0,3.37,6.98,2.5,5.65,60.0,4.52,20.18,29.23,2.75,20.0,14.35,20211,,
Koneru Lakshmaiah Education Foundation University (K L College of Engineering),(IR-O-U-0020),14.27,25.0,17.18,2.44,0.0,14.96,14.25,1.0,0.57,60.0,4.62,10.7,25.04,0.25,20.0,2.18,20211,,
Tata Institute of Social Sciences ,(IR-O-U-0331),10.43,25.0,17.29,6.48,2.0,4.24,4.28,0.0,3.8,60.0,17.33,18.72,30.0,3.56,20.0,8.71,20211,,
National Institute of Technology Durgapur ,(IR-O-U-0577),10.28,19.1,15.5,5.63,0.0,16.91,15.61,1.0,0.74,60.0,6.66,14.27,12.87,9.01,20.0,9.9,20211,,
Malaviya National Institute of Technology ,(IR-O-U-0410),11.67,24.9,14.15,5.41,0.0,16.03,16.85,1.0,1.24,49.37,8.2,11.28,20.62,6.49,20.0,5.57,20211,,
Tezpur University ,(IR-O-U-0056),11.33,21.92,16.57,4.5,4.0,12.82,14.1,2.0,1.11,54.43,7.21,4.31,26.5,1.35,20.0,11.62,20211,,
Kalasalingam Academy of research and Higher Education,(IR-O-U-0458),12.63,25.0,15.75,3.37,0.0,8.01,10.45,1.0,2.35,60.0,5.2,14.93,30.0,8.13,20.0,11.62,20211,,
Bharath Institute of Higher Education & Research ,(IR-O-U-0446),13.52,23.53,14.46,3.9,0.0,8.08,9.37,5.0,1.95,60.0,7.59,15.65,28.91,3.38,20.0,5.57,20211,,
University of Kashmir ,(IR-O-U-0196),16.0,19.86,15.38,4.25,5.0,7.35,10.3,0.0,1.86,60.0,17.03,0.0,29.26,0.86,20.0,2.18,20211,,
Chandigarh University ,(IR-O-U-0747),16.49,25.0,12.49,3.5,0.0,1.51,3.43,6.0,3.3,60.0,3.4,23.36,28.62,3.47,20.0,28.91,20211,,
Dr. B. R. Ambedkar National Institute of Technology ,(IR-O-U-0374),11.47,23.88,14.73,4.31,0.0,11.22,12.52,1.0,0.49,60.0,4.17,14.13,21.67,7.96,20.0,14.35,20211,,
Sri Ramachandra Institute of Higher Education and Research ,(IR-O-I-1486),12.08,25.0,17.73,10.01,0.0,4.91,9.16,2.0,1.83,55.79,5.34,11.27,30.0,3.45,20.0,7.48,20211,,
Dr. D. Y. Patil Vidyapeeth,(IR-O-I-1110),10.72,25.0,18.83,10.6,0.0,3.81,8.32,0.5,1.82,60.0,3.29,11.54,30.0,0.02,20.0,14.88,20211,,
Lovely Professional University ,,17.42,17.78,9.5,2.85,0.0,7.47,10.98,6.0,3.06,60.0,3.87,22.99,2154.0,1.44,20.0,20.7,20211,,
Indian Institute of Technology Mandi ,(IR-O-U-0184),7.27,17.12,13.77,8.89,3.0,15.16,14.77,0.0,0.67,56.4,4.87,21.86,16.24,3.97,20.0,12.73,20211,,
Madurai Kamaraj University ,(IR-O-U-0463),7.64,25.0,18.88,5.19,5.0,10.98,13.36,0.0,0.43,47.53,10.14,1.98,26.45,0.0,20.0,14.35,20211,,
Shiv Nadar University ,(IR-O-U-0642),6.85,25.0,19.64,8.01,0.0,7.39,9.03,1.0,1.94,60.0,3.5,15.28,23.38,0.47,20.0,13.28,20211,,
Guru Nanak Dev University ,(IR-O-U-0376),14.07,13.32,8.8,4.59,0.0,9.87,14.09,0.5,4.16,60.0,16.11,2.81,29.43,1.53,20.0,17.89,20211,,
PSG College of Technology ,(IR-O-C-37013),12.93,24.81,14.31,3.33,0.0,6.27,8.21,3.0,0.65,56.73,1.96,1.51,26.25,2.41,20.0,43.26,20211,,
Pondicherry University ,(IR-O-U-0369),13.04,13.12,10.54,3.23,0.0,13.45,15.23,1.0,0.43,48.67,23.74,14.06,22.52,1.6,20.0,17.89,20211,,
Motilal Nehru National Institute of Technology ,(IR-O-U-0530),13.07,16.4,12.77,5.62,0.0,13.2,13.75,0.5,1.04,59.76,7.92,13.08,13.19,8.5,20.0,11.06,20211,,
Sri Sivasubramaniya Nadar College of Engineering , (IR-O-C-16604),12.5,21.57,14.8,4.48,0.0,14.15,12.56,1.0,1.31,55.3,4.12,3.57,26.19,3.86,20.0,9.9,20211,,
North Eastern Hill University ,(IR-O-U-0341),12.14,21.06,15.35,6.97,0.0,7.51,8.2,0.0,0.6,58.21,16.41,6.83,29.81,0.0,15.0,11.62,20211,,
Bharathidasan University ,(IR-O-U-0448),8.57,22.58,17.09,6.5,0.0,13.65,14.78,1.0,0.49,41.68,11.98,0.91,26.74,4.16,16.0,18.85,20211,,
Sri Venkateswara University ,(IR-O-U-0037),12.7,21.25,13.83,3.43,0.0,7.97,10.66,0.0,1.24,58.91,20.29,1.78,26.53,4.3,18.0,5.57,20211,,
National Institute of Technology Silchar ,(IR-O-U-0055),10.11,18.11,14.45,4.61,0.0,15.13,14.96,2.0,0.22,57.87,6.3,12.95,14.35,5.54,20.0,6.85,20211,,
SVKM's Narsee Monjee Institute of Management Studies ,(IR-O-N-10),13.67,25.0,15.01,7.63,2.0,3.44,5.87,1.0,4.46,60.0,3.13,13.88,27.04,0.0,20.0,4.24,20211,,
Calicut University ,(IR-O-U-0251),8.71,25.0,16.46,9.15,4.0,7.59,9.0,0.0,0.05,50.5,12.82,0.32,30.0,6.45,18.0,2.88,20211,,
Mumbai University ,(IR-O-U-0318),15.42,14.55,9.85,6.77,3.0,6.88,8.12,2.0,2.08,60.0,18.35,2.76,22.44,2.58,20.0,7.48,20211,,
Visva Bharati,(IR-O-U-0589),13.97,16.51,11.13,5.39,2.5,9.61,14.29,1.0,1.25,60.0,13.81,2.4,24.07,1.11,9.0,6.22,20211,,
Sardar Vallabhbhai National Institute of Technology ,(IR-O-U-0149),12.73,16.82,11.54,4.23,0.0,13.0,13.87,1.0,1.41,59.05,5.44,14.18,19.52,3.33,20.0,7.48,20211,,
Guru Gobind Singh Indraprastha University ,(IR-O-U-0099),10.34,17.13,12.15,6.0,2.5,10.49,10.42,0.0,1.73,60.0,4.22,5.23,27.01,0.21,20.0,21.15,20211,,
Datta Meghe Institute of Medical Sciences ,(IR-O-U-0295),10.81,25.0,18.96,9.3,0.0,2.02,3.98,3.0,1.35,57.1,2.97,14.12,30.0,2.06,20.0,1.46,20211,,
 ,,,,,,,,,,,,,,,,,,20211,,
Indian Institute of Technology Madras ,(IR-O-U-0456),17.0,21.17,15.72,19.56,13.0,31.98,32.26,15.0,10.64,58.93,28.29,22.49,13.24,7.86,20.0,100.0,2023,,
Indian Institute of Science ,(IR-O-U-0220),11.0,25.0,18.43,20.0,8.0,35.0,33.9,11.0,8.55,52.14,28.43,25.53,10.64,3.06,20.0,97.94,2023,,
Indian Institute of Technology Delhi , (IR-O-I-1074),16.84,22.39,17.28,16.55,9.0,31.62,33.27,13.0,7.34,54.38,24.83,24.31,17.67,8.33,20.0,90.98,2023,,
Indian Institute of Technology Bombay ,(IR-O-U-0306),17.0,20.63,16.18,15.9,11.0,30.89,31.88,15.0,8.37,56.42,27.84,20.45,13.9,4.41,20.0,84.98,2023,,
Indian Institute of Technology Kanpur ,(IR-O-I-1075),16.92,21.36,17.6,16.57,13.0,27.47,27.55,12.0,5.93,60.0,23.62,21.09,11.62,7.53,20.0,69.84,2023,,
"All India Institute of Medical Sciences, Delhi ",(IR-O-N-15),11.0,25.0,18.47,20.0,2.0,32.07,29.53,1.5,4.65,60.0,10.46,24.46,28.26,0.0,20.0,75.23,2023,,
Indian Institute of Technology Kharagpur ,(IR-O-U-0573),16.94,16.75,14.03,10.57,15.0,29.23,32.56,5.0,5.46,45.38,31.37,20.67,11.28,5.49,20.0,70.68,2023,,
Indian Institute of Technology Roorkee ,(IR-O-U-0560),16.15,20.02,15.63,12.88,13.0,28.1,29.78,5.0,5.11,60.0,23.15,24.68,12.78,5.35,20.0,50.36,2023,,
Indian Institute of Technology Guwahati ,(IR-O-U-0053),17.0,19.26,12.93,12.24,12.0,27.98,28.21,7.0,3.79,60.0,22.95,23.99,13.36,0.95,20.0,42.44,2023,,
Jawaharlal Nehru University ,(IR-O-U-0109),17.0,24.35,16.97,12.73,2.5,21.43,22.16,2.0,0.97,56.52,38.37,25.31,28.33,0.0,20.0,30.73,2023,,
Banaras Hindu University ,(IR-O-U-0500),20.0,20.92,16.38,11.47,4.0,19.14,24.85,1.5,3.69,60.0,39.64,11.96,27.43,2.11,20.0,45.43,2023,,
Jamia Millia Islamia-New Delhi,(IR-O-U-0108),16.0,25.0,16.0,10.88,1.5,20.09,23.71,3.0,3.03,60.0,33.85,24.17,30.0,9.24,20.0,26.4,2023,,
Jadavpur University ,(IR-O-U-0575),18.22,22.32,17.33,7.77,2.0,23.1,24.61,3.0,2.95,60.0,30.61,5.0,24.17,7.62,20.0,41.08,2023,,
Indian Institute of Technology Hyderabad ,(IR-O-U-0013),10.17,24.96,18.29,14.97,6.0,24.55,23.83,4.0,2.74,60.0,13.26,19.17,16.5,3.37,20.0,48.36,2023,,
Amrita Vishwa Vidyapeetham,(IR-O-U-0436),18.0,25.0,16.85,11.55,2.0,19.76,19.8,6.0,4.79,60.0,13.93,21.6,27.11,3.76,20.0,35.71,2023,,
Manipal Academy of Higher Education-manipal,(IR-O-U-0234),17.49,25.0,16.43,11.94,2.0,21.14,24.74,3.0,5.13,60.0,17.97,17.9,27.14,1.06,20.0,24.39,2023,,
Vellore Institute of Technology ,(IR-O-U-0490),20.0,18.05,12.9,4.72,0.0,23.74,30.37,9.0,0.48,60.0,20.43,19.38,23.05,0.12,20.0,45.71,2023,,
Anna University ,(IR-O-U-0439),15.25,18.49,12.57,6.92,3.0,24.18,27.06,10.0,2.99,57.43,17.16,0.77,25.5,4.02,20.0,62.67,2023,,
Aligarh Muslim University ,(IR-O-U-0496),17.5,24.07,17.38,9.92,0.0,18.63,23.61,3.0,1.64,59.87,34.69,9.08,25.83,5.13,20.0,26.4,2023,,
University of Hyderabad ,(IR-O-U-0042),14.08,25.0,19.07,9.82,2.5,20.28,20.53,2.5,1.24,60.0,23.27,18.71,27.87,0.0,20.0,26.83,2023,,
National Institute of Technology Tiruchirapp:,(IR-O-U-0467),15.0,18.27,14.93,11.47,0.0,21.81,22.33,3.0,1.41,60.0,16.18,18.6,21.24,8.49,20.0,58.95,2023,,
University of Delhi ,(IR-O-U-0120),18.82,10.87,8.45,8.52,0.0,22.89,27.05,2.5,1.87,57.84,40.0,16.89,26.72,0.37,20.0,39.84,2023,,
Calcutta University ,(IR-O-U-0570),15.71,25.0,17.71,7.69,0.0,16.79,19.66,1.5,4.36,60.0,37.37,2.72,30.0,0.29,20.0,29.33,2023,,
Indian Institute of Technology Gandhinagar ,(IR-O-U-0139),8.92,25.0,19.27,15.4,6.0,20.55,19.7,1.5,1.38,59.25,10.29,23.05,21.38,4.71,20.0,27.47,2023,,
Birla Institute of Technology & Science -Pilani ,(IR-O-U-0391),17.5,18.95,14.93,10.27,0.0,21.03,24.68,4.0,6.55,60.0,14.65,21.9,17.24,0.02,20.0,25.3,2023,,
Siksha 'O' Anusandhan,(IR-O-U-0363),17.29,25.0,15.7,11.8,0.0,15.03,16.69,5.0,3.38,60.0,13.26,22.11,30.0,1.24,20.0,34.11,2023,,
Saveetha Institute of Medical and Technical Sciences ,(IR-O-I-1441),15.5,25.0,19.84,9.49,0.0,23.77,21.06,6.0,1.36,60.0,11.3,15.77,27.47,4.14,20.0,5.37,2023,,
Indian Institute of Technology Indore ,(IR-O-U-0273),8.51,24.99,17.79,12.57,2.5,25.68,24.47,1.5,1.05,60.0,12.96,21.24,13.81,5.76,20.0,16.1,2023,,
Kalinga Institute of Industrial Technology ,(IR-O-U-0356),19.0,25.0,18.02,7.61,0.0,11.71,16.28,9.0,1.03,60.0,18.87,26.75,30.0,3.38,20.0,14.39,2023,,
Homi Bhabha National Institute ,(IR-O-U-0304),10.31,25.0,17.84,20.0,0.0,21.9,22.34,1.0,4.21,44.37,26.99,15.65,23.7,0.0,15.0,6.08,2023,,
Indian Institute of Technology (Banaras Hindu University) Varanasi,(IR-O-U-0701),14.54,15.03,12.35,10.42,2.5,22.49,24.45,4.0,2.26,60.0,15.62,17.85,10.35,9.18,20.0,38.07,2023,,
S.R.M. Institute of Science and Technology ,(IR-O-U-0473),18.11,20.52,13.22,7.76,2.0,17.99,23.5,4.5,1.04,60.0,14.95,17.72,25.3,1.59,20.0,23.94,2023,,
Indian Institute of Technology Ropar ,(IR-O-U-0378),8.64,23.57,18.13,14.35,9.0,18.05,17.23,2.0,1.17,60.0,6.67,23.79,14.74,7.91,20.0,25.52,2023,,
Indian Institute of Science Education & Research Pune ,(IR-O-U-0305),8.53,25.0,17.41,14.51,7.0,20.41,19.59,2.0,1.72,52.56,10.71,18.86,22.64,2.07,20.0,21.81,2023,,
Savitribai Phule Pune University ,(IR-O-U-0323),14.29,17.2,11.56,10.94,7.0,18.56,19.01,0.0,1.74,60.0,34.63,4.32,26.42,1.03,20.0,15.82,2023,,
Bharathiar University ,(IR-O-U-0447),11.43,24.56,18.08,9.03,0.0,21.31,20.49,1.0,0.97,60.0,18.87,2.36,30.0,1.62,18.0,25.52,2023,,
National Institute of Technology Rourkela ,(IR-O-U-0357),16.0,18.08,14.93,8.48,2.5,23.4,24.21,3.0,1.06,56.85,15.84,17.3,14.13,8.68,20.0,14.68,2023,,
"National Institute of Technology Karnataka, Surathkal ",(IR-O-U-0237),15.0,17.37,13.62,12.46,0.0,20.46,19.4,3.0,2.39,60.0,15.59,13.3,15.95,9.99,20.0,33.2,2023,,
Jawaharlal Institute of Post Graduate Medical Education & Research ,(IR-O-U-0368),10.5,25.0,19.23,18.88,0.0,17.41,14.26,0.0,0.45,60.0,12.32,21.16,30.0,0.35,20.0,20.83,2023,,
Thapar Institute of Engineering and Technology (Deemed-to-be-university) ,(IR-O-I-1480),15.83,21.94,15.01,9.24,0.0,19.12,23.91,6.0,0.7,60.0,12.17,18.06,25.21,0.78,20.0,8.15,2023,,
Institute of Chemical Technology ,(IR-O-U-0308),10.28,18.25,14.77,11.01,2.0,18.33,18.72,11.0,1.55,60.0,17.89,7.74,25.16,2.98,20.0,15.82,2023,,
Indian Institute of Technology (Indian School of Mines) ,(IR-O-U-0205),12.73,15.96,13.35,10.46,0.0,24.85,25.56,3.0,1.51,51.39,17.61,20.39,9.87,7.76,20.0,20.33,2023,,
Indian Institute of Science Education & Research Kolkata ,(IR-O-U-0572),7.66,25.0,18.12,13.89,3.5,19.52,19.64,1.0,0.85,60.0,10.16,15.61,18.36,1.61,20.0,13.81,2023,,
Panjab University ,(IR-O-U-0078),15.99,12.95,10.09,7.07,5.0,16.66,22.84,6.0,1.14,42.57,33.21,13.49,25.7,0.73,20.0,28.52,2023,,
Chandigarh University,(IR-O-U-0747),17.87,25.0,14.37,6.31,0.0,5.3,9.59,7.0,3.33,60.0,15.62,26.87,30.0,3.39,20.0,35.18,2023,,
Lovely Professional University ,(IR-O-U-0379),18.0,21.67,12.12,4.13,0.0,12.99,19.25,11.0,1.15,60.0,6.06,25.69,22.66,0.0,20.0,30.92,2023,,
Kerala University ,(IR-O-U-0260),13.0,21.25,15.69,14.71,2.0,10.31,11.14,0.5,0.86,60.0,36.02,8.87,30.0,0.0,20.0,8.15,2023,,
Kalasalingam Academy of Research and Education,(IR-O-U-0458),13.71,25.0,17.09,6.86,0.0,11.37,14.35,4.0,1.15,60.0,14.68,18.95,30.0,7.47,20.0,18.79,2023,,
Shanmugha Arts Science Technology &research Academy,(IR-O-U-0476),15.42,24.66,15.81,7.98,0.0,15.9,18.96,3.0,3.0,60.0,8.45,11.07,27.91,4.3,20.0,9.48,2023,,
Koneru Lakshmaiah Education Foundation University ,(IR-O-U-0020),14.98,25.0,17.31,4.73,0.0,18.06,16.74,5.5,0.45,60.0,9.49,11.31,25.84,0.48,20.0,14.68,2023,,
"Indian Institute of Science Education & Research, Mohali ",(IR-O-U-0377),8.77,21.84,16.81,12.09,4.0,16.33,15.47,1.0,0.81,58.13,10.46,24.1,24.13,4.11,20.0,17.73,2023,,
"Mahatma Gandhi University, Kottayam ",(IR-O-U-0262),7.42,22.6,15.76,17.35,2.5,17.15,17.47,1.5,2.74,60.0,13.44,0.5,30.0,0.73,20.0,6.78,2023,,
National Institute of Technology Warangal ,(IR-O-U-0025),15.0,18.09,14.5,10.1,0.0,17.83,17.98,3.0,0.61,60.0,13.79,18.61,15.65,4.73,20.0,20.33,2023,,
National Institute of Technology Calicut ,(IR-O-U-0263),15.0,20.37,15.98,9.7,0.0,15.26,14.71,2.5,0.57,60.0,13.62,16.17,23.41,9.53,20.0,17.73,2023,,
JSS Academy of Higher Education and Research,(IR-O-U-0222),14.0,25.0,16.21,13.31,0.0,8.51,11.51,2.0,1.45,60.0,9.35,20.72,30.0,3.97,20.0,22.05,2023,,
Alagappa University ,(IR-O-U-0435),11.86,24.83,17.93,6.89,0.0,16.24,18.48,1.5,0.41,60.0,13.97,0.89,30.0,1.24,20.0,15.54,2023,,
Amity University ,(IR-O-U-0497),16.82,14.68,10.8,5.51,0.0,15.27,20.58,10.0,1.32,60.0,11.25,15.94,28.6,0.11,20.0,16.65,2023,,
University of Kashmir ,(IR-O-U-0196),15.68,22.91,18.09,8.96,5.0,10.72,14.1,0.5,1.62,60.0,19.58,0.0,30.0,3.05,20.0,2.77,2023,,
Symbiosis University,(IR-O-U-0329),15.48,23.53,16.75,11.87,0.0,7.26,11.0,2.5,2.15,60.0,17.78,15.01,28.11,0.05,20.0,15.54,2023,,
Indian Institute of Science Education & Research Bhopal ,(IR-O-U-0272),8.58,22.85,18.11,14.51,5.0,15.16,14.56,1.0,0.82,56.5,7.3,23.81,21.08,3.44,20.0,8.15,2023,,
Delhi Technological University ,(IR-O-U-0098),16.5,25.0,11.07,6.62,0.0,15.9,18.53,0.0,1.34,60.0,6.39,15.53,20.61,3.03,20.0,28.52,2023,,
Malaviya National Institute of Technology ,(IR-O-U-0410),14.09,18.1,14.51,7.73,0.0,18.81,20.11,2.5,1.36,60.0,10.67,13.99,19.61,7.33,20.0,9.8,2023,,
Cochin University of Science and Technology ,(IR-O-U-0253),11.99,23.09,17.37,9.95,0.0,17.68,15.26,0.5,0.93,60.0,13.79,1.03,30.0,0.7,20.0,13.81,2023,,
Osmania University ,(IR-O-U-0027),16.0,16.35,11.8,12.6,2.0,10.03,11.65,3.0,6.57,60.0,21.26,2.63,29.67,5.6,20.0,9.15,2023,,
University of Madras ,(IR-O-I-1357),10.68,25.0,18.92,8.14,2.0,16.0,16.02,0.0,0.88,52.42,16.98,3.23,30.0,0.0,20.0,14.39,2023,,
"Indian Institute of Engineering Science and Technology, Shibpur ",(IR-O-U-0584),12.07,17.61,13.64,8.75,1.5,18.78,17.64,1.5,0.92,56.09,14.35,12.4,16.73,9.57,20.0,21.07,2023,,
Indian Institute of Technology Jodhpur ,(IR-O-U-0395),10.13,21.8,17.06,14.59,2.5,14.45,15.02,0.5,1.58,60.0,4.6,20.55,20.69,5.42,20.0,9.15,2023,,
Indian Institute of Technology Patna ,(IR-O-U-0064),9.95,14.01,11.16,11.54,6.0,20.56,19.25,2.0,1.05,59.98,10.67,19.89,10.15,7.02,20.0,12.92,2023,,
Babasheb Bhimrao Ambedkar University ,(IR-O-U-0498),12.0,22.67,18.25,6.92,0.0,9.77,13.09,1.0,0.44,60.0,22.07,17.94,30.0,8.89,20.0,2.0,2023,,
Bharathidasan University ,(IR-O-U-0448),9.12,22.8,17.24,8.38,0.0,18.16,17.39,0.0,0.84,51.85,22.33,1.23,28.46,2.36,20.0,12.31,2023,,
Mysore University ,(IR-O-U-0235),14.0,21.97,15.78,9.68,6.0,7.16,10.06,1.0,0.38,60.0,27.02,6.52,27.47,2.63,18.0,5.01,2023,,
"Dr. B R Ambedkar National Institute of Technology, Jalandhar ",(IR-O-U-0374),12.76,25.0,13.3,6.7,0.0,13.51,15.45,1.5,0.28,60.0,7.91,13.0,24.7,8.38,20.0,23.0,2023,,
Indian Institute of Technology Mandi ,(IR-O-U-0184),6.99,18.26,14.92,11.52,5.0,17.9,16.87,2.0,0.59,53.51,9.53,22.07,16.21,9.31,20.0,14.39,2023,,
"Punjab Agricultural University, Ludhiana ",(IR-O-U-0381),11.93,25.0,18.95,14.65,0.0,11.24,12.9,1.5,2.65,53.51,13.97,1.93,28.23,0.21,20.0,7.82,2023,,
Datta Meghe Institute of Higher Education and Research ,(IR-O-U-0295),13.81,25.0,18.1,10.25,0.0,12.63,12.22,7.0,1.0,57.48,4.67,12.88,30.0,1.88,20.0,0.0,2023,,
"Andhra University, Visakhapatnam ",(IR-O-U-0006),15.0,14.77,11.31,13.3,0.0,10.02,10.57,2.5,2.65,60.0,24.77,3.7,28.92,6.01,20.0,16.92,2023,,
King George's Medical University ,(IR-O-U-0523),9.05,25.0,18.09,18.69,0.0,12.51,12.48,0.5,1.15,60.0,3.34,4.85,27.52,4.27,20.0,9.48,2023,,
Jamia Hamdard,(IR-O-U-0107),14.55,19.62,14.16,7.7,0.0,12.91,17.22,1.0,1.36,60.0,10.37,15.95,28.91,1.17,20.0,11.7,2023,,
UPES,(IR-O-U-0564),14.5,22.82,13.54,7.33,0.0,10.52,13.81,4.0,0.35,60.0,0.55,22.24,24.74,0.07,20.0,34.47,2023,,
Sri Sivasubramaniya Nadar College of Engineering ,(IR-O-C-16604),10.0,23.69,16.13,7.97,0.0,17.37,16.7,2.5,0.45,60.0,7.61,4.3,25.52,3.81,20.0,8.49,2023,,
Dr. D.Y. Patil Vidyapeeth,(IR-O-I-1110),12.25,25.0,18.41,14.98,0.0,7.86,10.01,1.0,1.68,60.0,3.6,12.13,30.0,0.23,20.0,18.53,2023,,
"Visvesvaraya National Institute of Technology, Nagpur ",(IR-O-U-0334),11.65,18.09,14.54,9.65,0.0,15.16,14.96,7.0,1.9,60.0,8.88,13.76,18.49,3.41,20.0,9.15,2023,,
National Institute of Technology Silchar ,(IR-O-U-0055),13.28,16.29,13.16,8.63,0.0,19.02,18.85,4.5,0.44,60.0,8.84,15.25,14.89,4.02,20.0,6.78,2023,,
Sathyabama Institute of Science and Technology ,(IR-O-U-0474),13.07,21.78,12.97,5.57,0.0,14.27,15.42,5.0,1.04,57.32,7.35,16.96,28.26,1.17,20.0,16.38,2023,,
Gujarat University ,(IR-O-U-0136),12.89,25.0,15.64,9.31,2.0,5.78,7.81,1.0,4.03,60.0,23.31,9.33,30.0,0.0,20.0,2.77,2023,,
"All India Institute of Medical Sciences, Rishikesh",(IR-O-U-0691),7.04,25.0,18.51,20.0,0.0,16.51,13.08,0.0,0.09,49.57,0.0,22.35,26.87,0.37,20.0,9.48,2023,,
Guru Nanak Dev University ,(IR-O-U-0376),15.85,19.11,11.19,8.59,0.0,10.36,15.05,0.0,1.81,60.0,17.53,7.37,30.0,5.1,20.0,12.01,2023,,
SVKM's Narsee Monjee Institute of Management Studies ,(IR-O-N-10),13.81,24.86,16.35,13.85,1.5,7.09,9.95,3.0,1.3,60.0,4.97,15.0,29.62,0.0,20.0,5.01,2023,,
Graphic Era University ,(IR-O-U-0555),13.0,25.0,12.83,6.62,0.0,6.39,9.26,7.0,0.3,60.0,4.11,20.97,28.52,0.49,20.0,33.38,2023,,
National Institute of Technology Durgapur ,(IR-O-U-0577),11.76,16.81,13.35,9.2,0.0,16.69,16.2,1.0,0.68,60.0,12.25,15.19,12.77,8.16,20.0,10.45,2023,,
Indian Institute of Technology Bhubaneswar ,(IR-O-U-0355),8.52,15.4,12.73,10.7,0.0,17.7,17.7,1.0,0.93,60.0,7.86,22.03,9.74,6.48,20.0,19.31,2023,,
Visvesvaraya Technological University ,(IR-O-U-0249),7.83,24.44,14.42,12.17,0.0,17.6,15.45,1.5,0.14,60.0,1.46,0.39,29.61,7.77,20.0,3.53,2023,,
Tamil Nadu Agricultural University ,(IR-O-U-0485),13.29,25.0,18.15,13.32,1.5,5.02,6.39,1.0,2.37,51.46,18.35,2.15,30.0,3.02,20.0,10.45,2023,,
Madurai Kamaraj University ,(IR-O-U-0463),7.74,25.0,18.65,9.57,2.5,10.6,12.74,0.5,0.6,57.2,11.17,2.79,29.01,0.0,20.0,10.45,2023,,
Shiv Nadar University ,(IR-O-U-0642),9.0,25.0,18.93,12.33,0.0,10.4,12.42,1.0,0.41,53.91,5.32,17.65,25.79,1.9,20.0,9.48,2023,,
Mumbai University ,(IR-O-U-0318),14.39,16.49,10.88,11.9,2.5,6.93,8.67,1.0,1.22,60.0,26.24,2.8,29.43,4.04,20.0,7.82,2023,,
Banasthali Vidyapith,(IR-O-U-0389),16.5,16.53,11.69,5.74,0.0,6.11,9.44,1.0,1.17,60.0,24.22,24.68,30.0,2.63,20.0,8.15,2023,,
Sri Ramachandra Institute of Higher Education and Research , (IR-O-1-1486),12.29,25.0,17.89,13.67,0.0,8.16,7.91,1.0,1.45,60.0,2.74,9.73,30.0,3.17,20.0,7.82,2023,,
Indian Institute of Management Calcutta ,(IR-O-S-8972),6.94,20.85,16.27,16.57,0.0,4.48,6.41,0.0,3.69,60.0,3.6,24.42,21.79,0.0,20.0,38.4,2023,,
Christ University ,(IR-O-U-0217),17.21,18.52,12.74,3.67,0.0,4.99,8.96,4.5,0.52,60.0,7.2,19.24,28.7,1.89,20.0,39.05,2023,,
Indian Institute of Technology Madras ,(IR-O-U-0456),17.0,22.41,16.58,17.57,13.0,31.77,32.66,15.0,12.55,59.98,29.38,21.98,13.06,7.91,20.0,98.75,2022,,
Indian Institute of Science ,(IR-O-U-0220),11.0,25.0,18.11,19.97,8.0,35.0,34.86,9.0,8.59,54.4,30.39,24.46,9.77,3.22,20.0,100.0,2022,,
"Indian Institute of Technology, Bombay ",(IR-O-U-0306),17.0,25.0,18.1,14.45,11.0,30.42,31.72,13.0,8.95,56.79,26.28,20.02,14.86,4.65,20.0,88.8,2022,,
"Indian Institute of Technology, Delhi ",(IR-O-I-1074),17.0,22.43,17.48,16.07,9.0,31.16,32.62,13.0,8.03,55.05,24.31,24.4,17.72,7.95,20.0,93.08,2022,,
Indian Institute of Technology Kanpur ,(IR-O-I-1075),17.0,22.46,18.31,16.14,13.0,27.49,27.21,9.0,6.84,60.0,23.89,22.2,10.19,7.87,20.0,77.86,2022,,
"Indian Institute of Technology, Kharagpur ",(IR-O-U-0573),16.67,18.98,15.64,11.36,15.0,29.18,32.46,7.0,7.02,50.85,31.08,19.72,11.33,4.8,20.0,79.82,2022,,
"Indian Institute of Technology, Roorkee ",(IR-O-U-0560),16.64,19.98,15.43,12.17,13.0,28.1,29.34,4.0,5.59,60.0,24.42,24.91,12.8,6.65,20.0,48.84,2022,,
Indian Institute of Technology Guwahati ,(IR-O-U-0053),15.44,23.23,15.54,12.09,12.0,28.27,28.31,3.0,3.96,60.0,23.26,24.07,13.61,1.9,20.0,45.93,2022,,
"All India Institute of Medical Sciences, Delhi", (IR-O-N-15),10.05,25.0,18.52,20.0,2.0,30.25,26.57,1.0,2.57,60.0,12.67,21.37,26.0,0.0,20.0,75.15,2022,,
Jawaharlal Nehru University ,(IR-O-U-0109),14.92,24.27,17.07,12.18,3.5,20.62,21.85,2.0,1.09,55.27,40.0,22.88,27.4,0.0,20.0,59.19,2022,,
Banaras Hindu University ,(IR-O-U-0500),20.0,20.31,16.04,10.56,3.0,18.12,23.81,0.5,1.48,60.0,37.74,8.56,26.48,2.29,20.0,53.95,2022,,
Jadavpur University ,(IR-O-U-0575),17.25,20.85,16.35,7.62,1.5,23.28,24.43,1.5,4.51,60.0,30.1,4.89,23.52,8.45,20.0,49.53,2022,,
"Jamia Millia Islamia, New Delhi",(IR-O-U-0108),16.0,25.0,16.01,9.66,1.5,18.58,22.12,3.0,3.68,60.0,32.46,22.35,29.84,8.95,20.0,23.57,2022,,
Indian Institute of Technology Hyderabad ,(IR-O-U-0013),10.15,25.0,17.89,14.4,6.0,23.13,22.86,4.0,3.19,60.0,11.53,17.84,15.91,2.99,20.0,49.01,2022,,
Calcutta University ,(IR-O-U-0570),17.97,24.21,17.27,8.01,0.0,16.14,18.51,1.5,4.7,60.0,35.48,4.61,30.0,7.28,20.0,37.86,2022,,
Amrita Vishwa Vidyapeetham,(IR-O-U-0436),18.0,25.0,15.99,10.81,0.0,20.35,19.0,6.0,4.7,60.0,14.09,20.8,27.77,0.96,20.0,38.09,2022,,
"Manipal Academy of Higher Education,Manipal",(IR-O-U-0234),17.56,25.0,16.55,11.42,0.0,19.62,21.76,3.0,6.68,57.95,20.2,16.85,26.98,0.98,20.0,26.37,2022,,
Vellore Institute of Technology ,(IR-O-U-0490),18.55,16.21,12.69,5.27,0.0,23.35,28.9,7.0,0.58,58.5,20.93,16.91,22.05,0.11,20.0,45.74,2022,,
Aligarh Muslim University ,(IR-O-U-0496),17.17,24.59,17.23,9.22,1.0,17.09,22.36,1.5,2.09,56.54,32.38,7.93,25.39,2.98,20.0,27.85,2022,,
University of Hyderabad ,(IR-O-U-0042),13.44,25.0,19.84,9.16,3.5,19.16,19.34,0.0,1.68,60.0,23.97,16.59,26.91,0.0,20.0,31.99,2022,,
"National Institute of Technology, Tiruchirapalli ",(IR-O-U-0467),15.0,19.22,15.52,10.99,0.0,20.72,20.76,2.0,2.24,60.0,15.74,17.77,21.36,7.34,20.0,52.2,2022,,
Anna University ,(IR-O-U-0439),15.07,18.98,12.75,6.53,0.0,21.36,24.34,4.0,3.45,59.2,15.77,0.7,25.19,3.4,20.0,62.1,2022,,
University of Delhi ,(IR-O-U-0120),17.66,9.7,7.6,8.14,0.0,21.29,26.13,2.5,2.9,54.23,37.63,14.7,23.85,0.32,20.0,45.93,2022,,
Bharathiar University ,(IR-O-U-0447),11.77,25.0,18.66,8.54,0.0,21.82,20.89,0.5,1.45,60.0,18.31,6.28,30.0,7.68,20.0,26.97,2022,,
Savitribai Phule Pune University ,(IR-O-U-0323),13.79,18.54,13.54,11.79,6.0,18.74,19.83,0.5,2.58,60.0,32.44,3.55,25.54,2.98,20.0,16.97,2022,,
"Indian Institute of Science Education & Research, Pune ",(IR-O-U-0305),8.61,25.0,17.29,13.76,7.0,20.61,20.64,1.0,1.93,52.88,12.55,18.72,22.47,1.76,20.0,27.85,2022,,
"National Institute of Technology Karnataka, Surathkal ",(IR-O-U-0237),15.0,18.51,14.35,11.45,0.0,20.71,18.92,3.0,2.51,60.0,15.55,17.74,16.32,10.39,20.0,38.54,2022,,
Institute of Chemical Technology ,(IR-O-U-0308),9.23,19.59,15.86,12.59,2.0,18.82,18.92,11.0,1.64,60.0,19.61,6.57,25.02,2.92,20.0,18.45,2022,,
Indian Institute of Technology (Banaras Hindu University) Varanasi ,(IR-O-U-0701),15.1,15.05,12.38,9.9,2.0,21.4,23.19,3.5,2.22,60.0,14.26,17.76,9.99,8.89,20.0,39.21,2022,,
Siksha 'o' Anusandhan,(IR-O-U-0363),17.07,25.0,15.26,10.98,0.0,14.32,15.64,3.0,2.61,60.0,13.45,17.17,30.0,1.23,20.0,27.26,2022,,
Indian Institute of Technology Indore ,(IR-O-U-0273),7.87,25.0,16.88,12.71,0.0,24.32,23.65,1.0,0.95,60.0,12.44,18.27,11.56,3.16,20.0,16.21,2022,,
Birla Institute of Technology & Science - Pilani,(IR-O-U-0391),17.5,17.86,14.14,9.77,0.0,18.61,21.81,3.0,3.33,60.0,13.45,22.82,15.87,0.06,20.0,27.26,2022,,
Homi Bhabha National Institute ,(IR-O-U-0304),10.09,25.0,17.86,19.56,0.0,19.3,19.9,2.5,3.55,42.26,26.67,14.33,22.68,0.0,15.0,5.31,2022,,
Kalinga Institute of Industrial Technology ,(IR-O-U-0356),19.0,25.0,18.0,7.0,0.0,10.72,14.34,3.0,2.14,60.0,15.13,24.59,30.0,3.27,20.0,17.71,2022,,
Indian Institute of Technology Ropar ,(IR-O-U-0378),8.82,25.0,17.86,14.51,9.0,15.97,15.52,1.0,1.17,60.0,5.71,23.77,14.67,5.89,20.0,20.57,2022,,
S.R.M. Institute of Science and Technology ,(IR-O-U-0473),16.93,19.51,12.15,7.32,2.0,16.02,20.99,7.0,1.27,60.0,11.41,16.38,25.09,1.07,20.0,25.15,2022,,
"Indian Institute of Technology, Gandhinagar ",(IR-O-U-0139),9.0,23.15,17.46,14.29,4.0,18.43,17.97,1.0,1.65,56.02,9.82,22.45,19.54,4.5,20.0,20.23,2022,,
Indian Institute of Technology (Indian School of Mines) ,(IR-O-U-0205),12.39,15.73,13.0,9.95,0.0,25.18,25.29,1.5,2.69,56.08,15.71,19.15,7.46,7.73,20.0,23.57,2022,,
National Institute of Technology Rourkela,(IR-O-U-0357),15.9,18.29,14.97,7.69,2.5,23.0,23.54,1.5,1.05,52.74,15.96,15.95,14.5,6.46,20.0,18.08,2022,,
"Indian Institute of Science Education & Research, Kolkata ",(IR-O-U-0572),7.93,25.0,17.38,13.25,0.0,18.44,19.12,1.0,0.86,57.11,9.09,16.19,18.71,1.69,20.0,25.46,2022,,
Panjab University ,(IR-O-U-0078),16.22,12.69,9.9,6.62,3.0,15.75,23.22,3.0,1.21,43.8,30.82,13.8,26.08,0.85,20.0,27.56,2022,,
Amity University ,(IR-O-U-0497),16.82,16.02,11.21,5.52,0.0,15.88,18.67,10.0,3.33,60.0,10.35,15.01,28.85,3.1,20.0,13.43,2022,,
"Indian Institute of Technology, Mandi ",(IR-O-U-0184),7.02,22.09,17.96,13.22,2.5,18.22,16.37,2.0,0.67,57.34,8.22,21.43,18.67,6.91,20.0,12.18,2022,,
Saveetha Institute of Medical and Technical Sciences ,(IR-O-I-1441),15.5,17.85,14.77,8.16,0.0,20.92,16.36,3.5,2.22,60.0,9.46,14.62,27.22,4.13,20.0,5.31,2022,,
National Institute of Technology Warangal ,(IR-O-U-0025),15.0,18.39,14.81,9.53,0.0,16.35,16.18,1.5,1.19,60.0,13.48,16.57,14.32,4.25,20.0,25.15,2022,,
Osmania University ,(IR-O-U-0027),16.72,17.16,12.68,11.67,2.0,10.51,11.7,1.5,6.71,60.0,19.98,1.79,28.95,7.63,18.0,17.71,2022,,
"Indian Institute of Science Education & Research, Mohali ",(IR-O-U-0377),8.63,22.94,17.56,12.21,2.5,15.45,15.25,0.5,0.88,54.87,8.02,23.14,24.27,4.03,20.0,20.57,2022,,
Chandigarh University ,(IR-O-U-0747),17.87,25.0,14.41,5.76,0.0,3.12,5.99,9.0,4.05,60.0,9.27,25.19,30.0,3.44,20.0,31.19,2022,,
Shanmugha Arts Science Technology & Research Academy,(IR-O-U-0476),15.06,23.86,15.39,7.03,0.0,15.37,17.92,1.0,3.94,60.0,7.66,11.68,27.52,5.5,20.0,9.57,2022,,
Kalinga Institute of Industrial Technology ,(IR-O-U-0458),13.31,24.92,15.88,5.99,0.0,9.36,12.39,2.5,2.22,60.0,11.2,17.48,30.0,7.23,20.0,22.92,2022,,
"Mahatma Gandhi University, Kottayam ",(IR-O-U-0262),7.41,24.14,16.01,16.61,1.0,16.05,16.33,1.0,2.79,58.15,12.32,0.78,30.0,4.0,20.0,2.74,2022,,
Kerala University ,(IR-O-U-0260),10.48,23.79,16.94,12.02,2.0,9.23,10.27,0.0,0.8,60.0,34.4,1.07,30.0,0.0,20.0,2.21,2022,,
Alagappa University ,(IR-O-U-0435),11.63,25.0,18.36,6.68,0.0,13.84,16.8,1.0,0.99,60.0,12.21,0.73,30.0,0.83,20.0,18.45,2022,,
Jawaharlal Institute of Post Graduate Medical Education & Research ,(IR-O-U-0368),8.5,25.0,17.47,17.2,0.0,14.41,11.34,0.0,0.36,60.0,3.63,19.77,27.57,0.83,20.0,18.81,2022,,
Koneru Lakshmaiah Education Foundation University (K L College of Engineering) ,(IR-O-U-0020),14.95,25.0,17.25,4.02,0.0,17.07,15.51,3.5,0.55,60.0,7.04,10.96,25.6,0.26,20.0,12.6,2022,,
Mysore University ,(IR-O-U-0235),16.0,22.17,17.11,7.61,6.0,6.8,9.43,0.0,0.58,60.0,30.68,15.8,30.0,2.21,20.0,4.8,2022,,
Thapar Institute of Engineering and Technology ,(IR-O-I-1480),13.86,15.12,12.09,8.79,0.0,18.92,23.19,2.0,0.71,60.0,10.57,14.32,19.99,0.79,20.0,16.21,2022,,
Lovely Professional University ,(IR-O-U-0379),17.85,22.87,11.49,4.19,0.0,10.1,15.05,7.0,2.57,60.0,6.11,23.78,22.02,3.53,20.0,20.57,2022,,
"Indian Institute of Technology, Patna ",(IR-O-U-0064),8.26,20.28,15.49,12.02,6.0,19.87,17.77,1.0,0.67,54.33,7.92,17.39,9.37,5.22,20.0,14.24,2022,,
JSS Academy of higher Education and Research,(IR-O-U-0222),14.0,25.0,17.52,11.6,0.0,6.64,11.3,1.5,1.97,60.0,9.04,15.93,30.0,3.44,20.0,16.97,2022,,
Indian Institute of Science Education & Research Bhopal ,(IR-O-U-0272),8.6,22.58,17.09,13.48,5.0,14.13,14.15,0.0,0.9,57.63,7.2,23.23,20.04,3.57,20.0,8.66,2022,,
Symbiosis international,(IR-O-U-0329),14.97,24.1,14.99,11.57,0.0,4.24,7.76,1.5,4.3,60.0,14.9,16.46,28.32,1.78,20.0,25.46,2022,,
Delhi Technological University ,(IR-O-U-0098),15.73,25.0,11.02,6.18,0.0,13.07,17.11,0.5,1.78,60.0,6.55,14.71,20.67,1.96,20.0,28.71,2022,,
Gauhati University ,(IR-O-U-0052),16.0,18.77,14.66,9.99,0.0,8.82,10.67,1.0,1.17,60.0,29.82,4.71,30.0,3.49,20.0,8.66,2022,,
Indian Institute of Technology Bhubaneswar ,(IR-O-U-0355),9.12,18.67,15.14,10.93,0.0,18.18,18.51,0.5,1.01,58.74,6.71,23.28,10.48,6.69,20.0,16.97,2022,,
"Indian Institute of Engineering Science and Technology, Shibpur ",(IR-O-U-0584),11.42,16.55,12.12,8.43,1.5,19.79,17.76,0.5,1.3,56.18,14.26,11.12,13.85,3.29,20.0,27.26,2022,,
Sathyabama Institute of Science and Technology ,(IR-O-U-0474),13.11,24.33,14.44,5.11,0.0,13.1,14.01,1.5,1.26,60.0,5.82,16.51,26.07,2.48,20.0,23.57,2022,,
"Visvesvaraya National Institute of Technology, Nagpur ",(IR-O-U-0334),11.8,18.11,14.4,9.22,0.0,15.84,15.25,6.0,2.19,60.0,10.53,13.51,17.75,3.35,20.0,6.29,2022,,
Cochin University of Science and Technology ,(IR-O-U-0253),12.0,20.28,16.01,8.77,0.0,15.98,13.78,1.5,1.31,60.0,13.37,0.87,30.0,0.76,20.0,13.02,2022,,
University of Madras , (IR-O-I-1357),11.35,21.57,16.16,7.5,0.0,15.42,15.19,0.5,1.23,54.93,16.36,3.28,29.13,0.0,20.0,18.45,2022,,
"Andhra University, Visakhapatnam ",(IR-O-U-0006),15.0,14.81,11.92,12.32,0.0,10.46,10.28,1.0,4.07,60.0,25.7,1.19,28.21,4.34,20.0,15.04,2022,,
National Institute of Technology Durgapur ,(IR-O-U-0577),11.8,18.35,14.94,8.86,0.0,17.21,16.23,1.0,0.72,60.0,10.09,14.2,12.96,9.98,20.0,14.24,2022,,
Gujarat University ,(IR-O-U-0136),12.94,25.0,15.84,8.98,2.0,5.28,6.79,1.5,4.81,60.0,23.3,7.39,30.0,0.0,20.0,3.78,2022,,
Jamia Hamdard,(IR-O-U-0107),14.39,20.27,14.44,7.83,0.0,12.21,15.34,0.5,2.1,60.0,10.35,14.03,28.34,0.56,18.0,12.18,2022,,
King George's Medical University ,(IR-O-U-0523),7.2,25.0,15.64,18.49,0.0,12.43,12.49,0.0,1.39,60.0,3.36,6.49,26.37,2.97,20.0,9.57,2022,,
DR. D. Y. Patil Vidyapeeth,(IR-O-I-1110),12.05,25.0,18.31,14.43,0.0,6.14,10.31,1.0,1.76,60.0,4.27,11.26,30.0,0.04,20.0,10.89,2022,,
"National Institute of Technology, Silchar ",(IR-O-U-0055),11.71,18.14,14.57,7.84,0.0,17.56,16.91,2.0,0.37,59.63,8.8,14.33,15.46,7.31,20.0,6.29,2022,,
Babasheb Bhimrao Ambedkar University ,(IR-O-U-0498),13.23,19.25,15.84,5.23,0.0,7.6,11.18,0.5,0.4,60.0,22.46,16.82,30.0,7.77,20.0,4.8,2022,,
Indian Institute of Management Kozhikode ,(IR-O-S-8909),7.0,25.0,17.64,16.29,0.0,3.06,5.83,0.0,6.62,60.0,1.55,25.02,27.31,0.0,20.0,23.89,2022,,
Guru Nanak Dev University ,(IR-O-U-0376),14.89,17.82,10.84,7.51,0.0,10.05,14.37,1.0,3.31,60.0,18.53,3.99,29.75,2.86,20.0,10.01,2022,,
Mumbai University ,(IR-O-U-0318),15.72,16.01,10.57,10.87,2.0,7.27,8.44,5.0,1.82,60.0,22.54,2.85,28.93,4.17,20.0,7.26,2022,,
Bharathidasan University ,(IR-O-U-0448),8.06,23.16,17.27,9.22,0.0,15.72,16.08,0.0,0.76,48.5,13.3,1.01,26.23,0.87,20.0,18.81,2022,,
Sri Ramachandra Institute of Higher Education and Research ,(IR-O-1-1486),12.65,25.0,17.95,14.08,0.0,6.08,8.04,1.0,1.95,60.0,4.33,11.21,30.0,3.87,20.0,6.78,2022,,
University of Kashmir ,(IR-O-U-0196),15.92,18.94,14.8,7.42,3.5,8.0,11.34,0.0,1.89,60.0,19.56,0.0,29.44,1.93,20.0,3.78,2022,,
"Dr. B R Ambedkar National Institute of Technology, Jalandhar ",(IR-O-U-0374),11.85,24.77,14.53,6.52,0.0,12.96,14.04,0.5,0.38,60.0,6.39,15.0,21.0,8.32,20.0,4.8,2022,,
All India Institute of Medical Sciences Jodhpur ,(IR-O-U-0689),5.81,25.0,18.25,15.31,0.0,12.84,12.49,0.5,4.0,60.0,40.0,13.2,27.47,0.83,20.0,4.3,2022,,
Banasthali Vidyapith,(IR-O-U-0389),16.5,17.35,12.31,5.35,1.5,5.7,8.67,0.0,1.62,60.0,24.96,24.0,30.0,1.82,20.0,5.31,2022,,
Madurai Kamaraj University ,(IR-O-U-0463),7.72,25.0,19.13,8.98,2.5,10.43,13.08,0.0,0.53,54.04,11.2,3.32,29.14,0.0,20.0,12.6,2022,,
SVKM's Narsee Monjee Institute of Management Studies ,(IR-O-N-10),13.77,25.0,15.91,12.25,1.5,5.19,8.0,1.5,2.97,60.0,4.52,14.01,28.16,0.0,20.0,7.26,2022,,
Tezpur University ,(IR-O-U-0056),12.05,21.26,16.01,7.39,3.0,11.72,13.23,1.5,1.04,54.35,8.94,4.05,25.68,0.94,20.0,16.97,2022,,
Malaviya National Institute of Technology ,(IR-O-U-0410),13.26,17.4,13.83,7.22,0.0,17.4,18.35,1.5,14.3,50.63,10.09,12.17,17.22,6.8,20.0,3.78,2022,,
Datta Meghe Institute of Medical Sciences ,(IR-O-U-0295),11.31,25.0,18.17,10.77,0.0,7.35,8.8,6.0,1.39,55.14,4.45,12.24,30.0,3.14,20.0,1.12,2022,,
University of Jammu ,(IR-O-U-0195),13.13,23.36,17.8,9.6,1.0,7.24,10.89,0.0,1.0,60.0,14.83,0.12,30.0,0.51,16.0,2.74,2022,,
Shiv Nadar University ,(IR-O-U-0642),8.28,24.8,19.29,11.15,0.0,8.72,10.42,0.5,1.11,60.0,4.7,15.59,24.95,0.84,20.0,5.8,2022,,
Bharath Institute of Higher Education & Research ,(IR-O-U-0446),12.92,23.01,13.99,6.28,0.0,8.19,9.21,4.5,1.26,60.0,10.31,13.91,28.38,1.99,20.0,4.3,2022,,
Sri Sivasubramaniya Nadar College of Engineering ,(IR-O-C-16604),10.0,21.36,14.63,7.15,0.0,14.99,13.24,1.5,0.97,58.28,5.59,3.25,25.52,3.96,20.0,15.04,2022,,
University of Petroleum and Energy Studies ,(IR-O-U-0564),13.41,22.16,13.23,7.88,0.0,6.7,8.65,3.5,0.63,60.0,4.8,21.38,23.63,0.01,20.0,31.99,2022,,
Bangalore University ,(IR-O-U-0215),14.12,20.4,13.67,10.52,0.0,7.18,8.0,2.0,2.1,60.0,14.73,1.12,29.12,6.8,20.0,10.45,2022,,
Tata Institute of Social Sciences ,(IR-O-U-0331),12.72,21.15,14.11,8.67,0.0,3.48,3.66,0.0,3.31,60.0,18.36,16.69,28.65,10.08,20.0,11.75,2022,,
Visvesvaraya Technological University ,(IR-O-U-0249),7.52,24.2,14.88,12.34,0.0,14.17,12.47,0.5,0.14,60.0,1.1,1.78,28.39,8.19,20.0,4.3,2022,,
,,17.0,29.44,18.32,19.81,,29.8,30.08,13.0,10.66,60.0,27.13,23.56,14.08,8.44,20.0,94.14,2019,Indian Institute of Technology Madras,IR-O-U-0456
,,10.35,30.0,18.29,24.52,,35.0,35.0,12.0,7.24,48.31,30.25,21.99,10.06,4.42,12.0,100.0,2019,Indian Institute of Science,IR-O-U-0220
,,14.83,27.95,17.54,17.98,,31.14,31.43,11.0,9.41,53.97,25.16,23.65,14.6,2.33,18.0,86.14,2019,Indian Institute of Technology Delhi,IR-O-I-1074
,,17.0,26.63,18.09,15.23,,30.43,30.87,15.0,8.07,56.05,26.27,21.66,12.78,2.25,14.0,86.92,2019,Indian Institute of Technology Bombay,IR-O-U-0306
,,16.52,23.47,15.35,12.01,,29.35,31.73,9.0,6.57,57.48,28.69,22.98,10.93,6.72,20.0,78.11,2019,Indian Institute of Technology Kharagpur,IR-O-U-0573
,,14.93,24.6,16.58,15.85,,27.1,27.13,9.0,6.38,48.28,21.68,19.46,8.36,7.57,15.0,75.68,2019,Indian Institute of Technology Kanpur,IR-O-I-1075
,,13.88,30.0,17.25,15.62,,19.11,18.68,3.0,1.06,60.0,39.87,25.87,30.0,0.0,20.0,35.27,2019,Jawaharlal Nehru University,IR-O-U-0109
,,15.32,24.37,15.81,11.82,,28.5,29.54,2.0,5.04,60.0,27.14,25.82,12.72,3.1,20.0,43.66,2019,Indian Institute of Technology Roorkee,IR-O-U-0560
,,14.07,30.0,18.23,14.5,,26.56,26.59,0.5,2.93,53.32,20.55,24.65,11.01,4.97,20.0,46.34,2019,Indian Institute of Technology Guwahati,IR-O-U-0053
,,19.01,24.44,16.26,10.01,,18.21,23.26,1.5,3.51,60.0,36.37,8.88,24.58,3.56,20.0,47.28,2019,Banaras Hindu University,IR-O-U-0500
,,13.0,30.0,19.52,12.29,,20.38,19.94,150.0,195.0,57.98,25.67,19.73,28.04,0.0,11.0,36.71,2019,University of Hyderabad,IR-O-U-0042
,,16.59,24.03,14.41,7.23,,17.66,19.41,8.0,2.03,60.0,31.54,3.29,30.0,685.0,20.0,37.39,2019,Calcutta University,IR-O-U-0570
,,17.38,18.45,12.27,6.29,,23.7,24.43,3.0,3.76,57.22,33.06,3.49,20.29,117.0,20.0,51.83,2019,Jadavpur University,IR-O-U-0575
,,16.6,21.62,12.29,5.88,,24.02,23.59,2.0,4.48,58.4,19.67,194.0,27.68,3.54,20.0,62.72,2019,Anna University,IR-O-U-0439
,,16.22,30.0,16.07,10.73,,16.68,15.17,6.0,5.92,60.0,10.28,21.63,28.21,0.39,20.0,31.01,2019,Amrita Vishwa Vidyapeetham,IR-O-U-0436
,,16.73,30.0,16.83,14.34,,16.69,16.29,1.0,4.34,50.48,19.23,19.01,26.74,103.0,20.0,30.21,2019,Manipal Academy of Higher Education,IR-O-U-0234
,,14.77,24.72,14.27,15.49,,19.56,20.04,2.0,2.82,60.0,26.04,2.99,27.12,6.22,18.0,16.55,2019,Savitribai Phule Pune University,IR-O-U-0323
,,18.33,30.0,17.25,11.11,,14.53,19.08,0.5,1.27,54.29,31.37,7.96,26.01,3.6,20.0,18.46,2019,Aligarh Muslim University,IR-O-U-0496
,,16.0,30.0,16.45,11.3,,13.25,15.81,1.0,1.98,60.0,28.53,19.78,26.97,5.22,20.0,14.26,2019,Jamia Millia Islamia,IR-O-U-0108
,,18.07,12.54,8.34,8.91,,21.35,26.35,3.0,3.1,47.18,40.0,10.5,24.58,0.33,20.0,41.11,2019,University of Delhi,IR-O-U-0120
,,8.93,30.0,18.94,9.06,,22.41,20.89,0.5,1.24,60.0,16.53,3.69,30.0,2.42,16.0,31.2,2019,Bharathiar University,IR-O-U-0447
,,9.0,30.0,16.59,15.33,,18.61,18.17,2.0,2.03,60.0,7.47,19.0,14.06,5.71,20.0,40.33,2019,Indian Institute of Technology Hyderabad,IR-O-U-0013
,,7.99,30.0,18.15,14.39,,18.2,20.59,1.5,1.75,49.11,8.02,16.78,21.35,1.98,20.0,32.75,2019,Indian Institute of Science Education & Research Pune,IR-O-U-0305
,,13.97,23.03,13.52,10.73,,16.27,16.17,0.0,2.28,60.0,10.89,16.96,21.39,4.55,20.0,50.61,2019,National Institute of Technology Tiruchirapalli,IR-O-U-0467
,,14.65,17.7,11.83,10.54,,22.26,23.04,1.5,4.18,58.64,17.36,22.03,6.23,5.16,6.0,25.54,2019,Indian Institute of Technology (Indian School of Mines) Dhanbad,IR-O-U-0205
,,6.83,29.79,18.39,23.79,,4.98,4.86,0.0,7.28,60.0,2.55,25.04,22.58,0.0,20.0,46.34,2019,Indian Institute of Management Calcutta,IR-O-S-8972
,,8.26,20.6,13.75,12.01,,19.36,19.69,7.0,2.36,55.92,16.69,3.33,24.55,3.61,20.0,20.28,2019,Institute of Chemical Technology,IR-O-U-0308
,,13.73,22.03,13.96,12.37,,17.96,18.85,1.0,1.64,57.11,11.21,18.23,8.63,7.62,20.0,29.2,2019,Indian Institute of Technology (Banaras Hindu University) Varanasi,IR-O-U-0701
,,14.97,25.86,16.36,12.18,,10.0,8.94,0.0,4.23,60.0,26.61,2.6,29.08,4.06,20.0,14.55,2019,Andhra University,IR-O-U-0006
,,8.97,30.0,17.44,26.84,,9.1,12.67,0.0,3.48,44.16,27.02,11.44,20.85,0.0,15.0,4.33,2019,Homi Bhabha National Institute,IR-O-U-0304
,,12.21,30.0,16.78,10.65,,12.11,13.46,3.0,1.35,60.0,14.12,15.44,29.26,0.82,18.0,6.86,2019,Jamia Hamdard,IR-O-U-0107
,,15.27,16.91,10.16,6.36,,21.8,24.0,1.0,0.83,48.88,17.67,16.56,20.32,0.13,20.0,35.31,2019,Vellore Institute of Technology,IR-O-U-0490
,,10.39,27.07,17.91,8.92,,15.01,15.35,2.0,0.91,42.74,25.51,5.25,28.93,0.0,20.0,30.01,2019,University of Madras,IR-O-I-1357
,,16.08,16.4,10.36,8.18,,15.78,22.52,5.0,1.52,42.49,30.01,12.15,25.19,0.54,15.0,27.09,2019,Panjab University,IR-O-U-0078
,,8.56,30.0,17.18,19.06,,8.72,9.04,0.5,0.58,60.0,25.7,1.2,30.0,0.0,20.0,8.59,2019,Kerala University,IR-O-U-0260
,,10.93,26.4,15.31,10.34,,18.64,15.93,1.0,1.17,53.29,13.18,9.86,14.38,2.95,20.0,30.41,2019,Indian Institute of Engineering Science and Technology,IR-O-U-0584
,,7.75,30.0,15.67,15.39,,13.79,16.31,0.5,0.9,59.39,6.53,24.62,20.1,3.49,20.0,7.91,2019,Indian Institute of Science Education & Research Bhopal,IR-O-U-0272
,,12.99,19.29,13.13,8.82,,21.48,21.77,1.0,1.4,52.66,16.03,14.66,11.52,1.79,18.0,24.4,2019,National Institute of Technology Rourkela,IR-O-U-0357
,,14.37,19.04,12.49,10.77,,15.2,17.03,1.0,0.92,60.0,13.06,19.4,14.86,0.0,18.0,34.41,2019,Birla Institute of Technology & Science,IR-O-U-0391
,,7.53,30.0,16.84,15.62,,19.05,21.46,0.0,0.7,37.07,8.02,16.76,17.19,1.74,20.0,24.86,2019,Indian Institute of Science Education & Research Kolkata,IR-O-U-0572
,,14.59,30.0,17.02,11.35,,9.0,10.04,1.0,1.13,60.0,9.84,12.41,28.35,0.28,20.0,20.02,2019,Siksha O Anusandhan,IR-O-U-0363
,,6.95,30.0,19.27,23.6,,12.2,12.59,0.0,1.07,56.23,5.16,3.44,26.85,3.09,20.0,5.8,2019,King George's Medical University,IR-O-U-0523
,,16.0,20.56,12.44,9.2,,11.73,11.7,0.0,1.52,60.0,32.09,5.71,25.83,4.14,20.0,9.26,2019,Osmania University,IR-O-U-0027
,,7.42,27.59,16.8,15.81,,14.29,18.1,0.5,0.46,60.0,4.56,21.9,18.27,5.51,20.0,11.2,2019,Indian Institute of Technology Mandi,IR-O-U-0184
,,13.58,25.41,14.95,8.18,,16.51,17.37,1.5,0.92,59.02,6.29,14.24,21.68,0.65,20.0,10.24,2019,Thapar Institute of Engineering and Technology (Deemed-to-be-university),IR-O-I-1480
,,6.22,27.22,16.36,14.84,,15.56,15.47,1.0,0.88,53.02,2.55,21.96,11.43,4.22,20.0,25.99,2019,Indian Institute of Technology Bhubaneswar,IR-O-U-0355
,,10.63,30.0,17.13,8.96,,8.69,12.2,0.5,0.79,60.0,1.17,0.36,30.0,1.39,18.0,26.65,2019,Alagappa University,IR-O-U-0435
,,9.95,29.49,17.79,9.69,,13.72,14.37,1.0,1.02,54.28,9.19,3.57,25.61,1.82,20.0,15.71,2019,Tezpur University,IR-O-U-0056
,,7.28,24.26,14.18,20.78,,12.99,12.55,0.5,0.93,60.0,12.39,0.12,30.0,1.86,20.0,3.58,2019,Mahatma Gandhi University,IR-O-U-0262
,,19.0,24.34,14.26,8.41,,6.62,8.67,0.5,2.31,60.0,11.7,19.22,27.47,2.68,20.0,14.55,2019,Kalinga Institute of Industrial Technology,IR-O-U-0356
,,6.92,23.23,14.82,16.99,,13.67,16.01,0.5,1.26,51.6,4.62,20.24,16.16,5.2,20.0,24.17,2019,Indian Institute of Technology Gandhinagar,IR-O-U-0139
,,16.33,21.95,10.5,7.9,,9.97,13.02,2.0,1.52,60.0,18.07,16.23,21.61,0.25,20.0,14.26,2019,SRM Institute of Science and Technology,IR-O-U-0473
,,13.29,17.91,12.14,7.98,,15.79,14.35,0.5,1.64,60.0,11.35,16.06,12.28,2.55,20.0,29.4,2019,National Institute of Technology Karnataka,IR-O-U-0237
,,13.49,30.0,18.19,12.16,,4.69,10.07,1.0,0.81,48.71,21.78,4.61,30.0,0.43,20.0,6.15,2019,Sri Ramachandra Institute of Higher Education and Research,IR-O-I-1486
,,12.75,30.0,18.66,8.91,,4.85,8.32,1.5,1.07,60.0,5.48,18.75,30.0,1.5,20.0,10.24,2019,JSS Academy of Higher Education and Research,IR-O-U-0222
,,12.54,26.89,16.26,9.48,,3.64,3.51,0.0,2.82,60.0,19.76,18.99,30.0,2.17,20.0,12.14,2019,Tata Institute of Social Sciences,IR-O-U-0331
,,13.9,30.0,16.07,8.12,,7.63,5.82,4.0,0.31,60.0,4.96,21.02,30.0,1.51,20.0,3.19,2019,Bharath Institute of Higher Education & Research,IR-O-U-0446
,,6.72,28.79,16.9,14.52,,15.02,13.49,0.5,0.78,49.88,4.49,17.69,8.1,5.64,20.0,12.45,2019,Indian Institute of Technology Patna,IR-O-U-0064
,,13.07,24.53,13.5,9.55,,9.89,14.97,0.0,1.21,60.0,14.79,5.03,26.14,1.22,9.0,11.52,2019,Visva Bharati,IR-O-U-0589
,,11.43,30.0,18.0,12.14,,5.18,5.38,3.0,1.96,60.0,15.65,4.51,25.51,0.0,13.0,5.44,2019,G. B. Pant Universtiy of Agriculture and Technology,IR-O-U-0554
,,12.5,21.38,13.98,10.02,,12.43,11.13,0.5,0.65,60.0,7.97,18.91,14.85,3.69,20.0,19.51,2019,National Institute of Technology Warangal,IR-O-U-0025
,,12.39,27.52,16.28,11.67,,6.67,6.82,0.5,0.54,58.07,17.64,10.07,29.69,0.0,15.0,6.51,2019,North Eastern Hill University,IR-O-U-0341
,,15.48,23.27,12.11,4.69,,13.93,14.5,2.0,1.94,60.0,5.16,6.97,29.68,0.48,20.0,6.86,2019,Shanmugha Arts Science Technology & Research Academy,IR-O-U-0476
,,13.44,27.24,13.02,5.47,,15.94,9.75,0.5,0.96,60.0,5.86,17.86,22.41,2.83,20.0,2.41,2019,Sathyabama Institute of Science and Technology,IR-O-U-0474
,,16.0,23.71,14.57,11.81,,7.71,9.71,0.0,0.66,58.78,15.92,2.95,30.0,2.3,9.0,9.59,2019,Gauhati University,IR-O-U-0052
,,8.68,26.49,16.68,14.58,,11.18,12.52,1.0,0.56,38.63,6.77,24.18,23.13,3.68,20.0,17.38,2019,Indian Institute of Science Education & Research Mohali,IR-O-U-0377
,,13.0,30.0,16.04,10.93,,11.28,5.92,0.0,44.0,60.0,2.16,16.58,27.03,3.53,20.0,0.0,2019,Saveetha Institute of Medical and Technical Sciences,IR-O-I-1441
,,10.38,30.0,18.39,15.96,,3.9,4.27,1.0,2.41,52.29,17.01,1.95,29.8,2.35,11.0,11.52,2019,Tamil Nadu Agricultural University,IR-O-U-0485
,,7.34,30.0,18.58,8.02,,13.25,14.41,0.0,0.46,41.18,15.92,1.06,25.3,0.0,15.0,20.28,2019,Madurai Kamraj University,IR-O-U-0463
,,11.5,30.0,18.38,17.51,,2.79,3.27,0.5,1.06,58.11,4.35,13.58,30.0,0.13,20.0,7.56,2019,Dr. D. . Patil Vidyapeeth,IR-O-I-1110
,,13.36,25.29,11.82,5.52,,10.54,11.41,0.5,1.89,60.0,6.89,13.22,19.65,1.75,20.0,19.51,2019,Delhi Technological University,IR-O-U-0098
,,12.49,17.67,12.06,5.7,,12.48,13.82,0.0,0.33,47.09,26.21,16.05,21.81,1.43,20.0,19.25,2019,Pondicherry University,IR-O-U-0369
,,12.18,28.17,15.56,6.56,,10.58,11.92,0.0,1.1,46.76,22.87,0.05,25.76,2.97,16.0,6.51,2019,Sri Venkateswara University,IR-O-U-0037
,,14.47,30.0,16.58,6.12,,9.08,8.47,1.0,0.52,60.0,3.8,9.27,24.56,3.33,20.0,3.58,2019,Koneru Lakshmaiah Education Foundation University (K L College of Engineering),IR-O-U-0020
,,10.17,30.0,17.65,19.14,,7.61,7.45,2.0,2.67,43.37,12.85,12.23,26.86,0.85,12.0,3.19,2019,Punjab Agricultural University,IR-O-U-0381
,,13.0,30.0,14.51,6.17,,5.81,5.89,0.0,0.91,59.42,1.61,1.28,26.3,2.38,20.0,43.66,2019,PSG College of Technology,IR-O-C-37013
,,8.11,30.0,17.56,13.79,,5.73,7.32,0.5,0.49,60.0,1.53,20.27,24.15,0.19,20.0,6.15,2019,Shiv Nadar University,IR-O-U-0642
,,11.5,27.42,15.56,7.92,,12.33,9.65,0.5,49.0,60.0,3.44,3.03,26.72,3.17,20.0,7.56,2019,Sri Sivasubramaniya Nadar College of Engineering,IR-O-C-16604
,,14.4,23.04,14.47,7.91,,7.4,9.51,0.0,1.42,60.0,19.2,0.0,27.28,0.08,20.0,1.63,2019,University of Kashmir,IR-O-U-0196
,,13.36,23.53,14.21,6.2,,7.16,8.2,1.5,1.29,60.0,18.43,3.41,25.55,3.71,20.0,4.7,2019,Mysore University,IR-O-U-0235
,,13.79,15.25,8.63,8.83,,11.37,14.5,0.5,3.01,55.13,19.59,2.14,29.34,2.54,20.0,5.8,2019,Guru Nanak Dev University,IR-O-U-0376
,,14.5,30.0,13.52,11.99,,1.69,3.66,0.5,3.58,60.0,1.03,21.97,28.47,2.44,20.0,3.19,2019,Symbiosis International,IR-O-U-0329
,,12.73,28.58,13.84,13.69,,3.06,3.45,0.5,4.67,60.0,4.22,16.17,29.03,0.01,20.0,1.22,2019,"SVKM""s Narsee Monjee Institute of Management Studies",IR-O-N-10
,,14.67,18.82,10.11,6.51,,10.75,11.79,4.0,1.76,60.0,5.48,15.37,26.54,0.02,20.0,7.22,2019,Amity University,IR-O-U-0497
,,10.72,21.89,14.03,8.08,,14.91,12.06,2.0,0.5,50.86,6.11,11.71,20.23,0.94,12.0,23.47,2019,Birla Institute of Technology,IR-O-U-0202
,,8.06,26.27,16.14,10.27,,13.75,14.25,0.5,0.54,33.28,15.65,0.54,24.51,2.72,15.0,24.17,2019,Bharathidasan University,IR-O-U-0448
,,16.06,18.91,11.08,4.35,,3.92,5.76,0.5,1.5,60.0,24.87,21.93,30.0,0.09,2.0,4.33,2019,Banasthali Vidyapith,IR-O-U-0389
,,17.49,25.25,14.39,6.77,,3.0,4.65,1.0,2.77,51.11,13.38,11.88,27.3,1.04,20.0,13.66,2019,Bharati Vidyapeeth,IR-O-I-1361
,,9.19,30.0,17.37,20.32,,3.26,1096.0,0.5,1.19,50.67,5.73,2.35,20.49,6.66,20.0,2.02,2019,Chaudhary Charan Singh Haryana Agricultural University,IR-O-U-0159
,,9.43,19.66,12.71,14.52,,7.38,8.5,0.5,0.07,60.0,11.53,2.09,27.5,5.87,18.0,7.22,2019,Calicut University,IR-O-U-0251
,,11.0,24.93,11.76,8.66,,10.46,6.63,2.0,1.43,60.0,1.36,3.64,24.19,4.45,20.0,15.42,2019,College of Engineering,IR-O-C-41593
,,9.5,30.0,19.22,16.74,,1.23,0.67,1.0,0.26,58.8,1.77,9.48,30.0,0.0,20.0,0.82,2019,Datta Meghe Institute of Medical Sciences,IR-O-U-0295
,,11.16,16.81,10.88,8.21,,15.19,13.37,0.0,0.4,60.0,4.01,14.48,10.77,4.45,18.0,12.14,2019,National Institute of Technology Durgapur,IR-O-U-0577
,,11.43,16.83,11.28,7.68,,13.44,11.06,1.5,0.89,54.24,10.57,1.21,25.07,1.27,20.0,14.84,2019,Cochin University of Science and Technology,IR-O-U-0253
,,11.0,22.61,13.08,9.69,,8.76,7.76,1.5,0.95,60.0,4.62,5.15,27.85,0.19,20.0,3.58,2019,Guru Gobind Singh Indraprastha University,IR-O-U-0099
,,8.5,30.0,16.1,14.89,,4.94,4.11,0.0,3.2,48.88,10.23,1.72,16.84,2.89,20.0,7.22,2019,Anand Agricultural University,IR-O-U-0123
,,7.96,23.94,15.73,4.68,,9.37,10.56,0.5,0.31,45.28,13.85,1.62,29.41,4.23,18.0,19.25,2019,Periyar University,IR-O-U-0470
,,11.06,30.0,17.31,12.85,,2.6,3.62,0.0,2.51,46.29,3.22,15.28,30.0,0.76,20.0,4.33,2019,KLE Academy of Higher Education and Research,IR-O-U-0225
,,7.1,30.0,16.49,17.4,,3.28,2.13,1.5,1.1,60.0,2.85,2.44,25.78,5.91,10.0,2.02,2019,Tamil Nadu Veterinary & Animal Sciences University,IR-O-U-0487
,,9.4,30.0,17.42,13.56,,4.58,4.03,0.0,0.7,48.17,0.44,15.77,30.0,0.34,20.0,6.51,2019,NITTE,IR-O-U-0239
,,10.25,30.0,18.3,26.0,,35.0,35.0,14.0,7.08,47.13,28.35,21.12,9.5,4.08,9.0,100,2018,Indian Institute of Science,IR-1-O-O-U-0220
,,17.0,27.77,17.92,19.0,,28.28,28.93,13.0,11.21,60.0,25.36,22.86,13.37,8.57,20.0,86.61,2018,Indian Institute of Technology Madras,IR-2-O-OE-U-0456
,,17.0,28.55,19.2,16.59,,29.83,31.68,15.0,9.08,57.85,23.68,22.23,13.23,6.07,7.0,79.61,2018,Indian Institute of Technology Bombay,IR-3-O-OEM-U-0306
,,14.85,24.41,15.89,18.22,,29.61,31.18,9.0,8.88,52.88,22.02,23.01,13.65,4.3,20.0,72.79,2018,Indian Institute of Technology Delhi,IR-3-O-OEM-I-1074
,,16.56,23.25,15.21,12.95,,28.36,32.47,7.0,6.74,56.76,27.23,22.39,10.71,3.06,20.0,62.12,2018,Indian Institute of Technology Kharagpur,IR-5-O-OEMAL-U-0573
,,13.51,29.34,17.07,14.08,,17.5,19.96,3.0,2.14,60.0,39.12,24.16,26.69,5.47,20.0,46.28,2018,Jawaharlal Nehru University,IR-1-O-O-U-0109
,,14.69,24.67,16.74,15.61,,26.01,26.92,10.0,5.7,42.95,19.81,17.37,8.47,4.97,9.0,67.59,2018,Indian Institute of Technology Kanpur,IR-3-O-OEM-I-1075
,,15.09,23.11,15.14,12.53,,26.62,29.38,0.5,5.09,60.0,25.29,24.19,11.78,2.68,20.0,37.56,2018,Indian Institute of Technology Roorkee,IR-4-O-OEMA-U-0560
,,18.62,21.64,14.43,10.46,,17.45,27.19,1.5,4.62,60.0,35.42,7.25,22.39,3.49,20.0,43.62,2018,Banaras Hindu University,IR-3-O-OMD-U-0500
,,15.78,21.87,12.6,7.06,,24.79,25.88,5.0,5.09,59.68,19.47,1.09,26.7,4.75,20.0,63.22,2018,	Anna University,IR-4-O-OEMA-U-0439
,,12.11,30.0,19.63,12.62,,21.09,20.68,1.5,2.08,60.0,24.45,13.04,25.66,0.0,17.0,21.66,2018,University of Hyderabad,IR-1-O-O-U-0042
,,12.74,30.0,18.94,17.57,,24.38,24.64,0.5,2.61,45.92,17.28,24.34,12.6,1.02,15.0,28.01,2018,Indian Institute of Technology Guwahati,IR-2-O-OE-U-0053
,,17.64,19.69,12.7,7.06,,23.33,27.39,2.5,3.85,58.94,32.45,3.3,21.5,2.2,9.0,35.5,2018,Jadavpur University,IR-2-O-OE-U-0575
,,17.54,15.35,9.68,9.95,,20.94,30.01,3.0,4.21,45.14,40.0,4.7,26.44,0.13,20.0,33.15,2018,University of Delhi,IR-1-O-O-U-0120
,,15.33,29.83,16.55,12.34,,15.1,18.47,3.0,6.99,60.0,11.03,9.22,28.46,0.59,20.0,31.44,2018,Amrita Vishwa Vidyapeetham,IR-1-O-O-U-0436
,,14.51,24.07,14.44,17.69,,18.57,20.86,1.0,3.21,60.0,24.55,2.9,26.44,5.96,20.0,15.04,2018,Savitribai Phule Pune University,IR-1-O-O-U-0323
,,17.65,24.94,15.66,12.02,,13.82,22.02,0.5,0.53,60.0,30.56,6.79,25.23,3.01,14.0,26.3,2018,Aligarh Muslim University,IR-7-O-OEMALDC-U-0496
,,15.39,29.97,16.03,14.65,,16.03,19.05,5.0,4.08,47.76,13.53,17.67,25.69,0.87,20.0,26.3,2018,Manipal Academy of Higher Education,IR-1-O-O-U-0234
,,15.95,28.47,16.1,11.81,,12.56,17.13,1.0,2.52,55.86,26.4,18.64,27.06,3.16,20.0,11.76,2018,Jamia Millia Islamia,IR-5-O-OEMAL-U-0108
,,8.67,28.86,17.34,10.67,,21.88,18.51,0.5,0.81,60.0,16.95,2.43,30.0,3.2,17.0,22.63,2018,Bharathiar University,IR-1-O-C-U-0447
,,12.49,15.52,10.48,6.97,,17.8,22.14,8.0,2.32,60.0,26.81,1.83,27.32,0.56,17.0,26.3,2018,Calcutta University,IR-1-O-O-U-0570
,,8.74,30.0,16.79,16.19,,16.98,14.58,2.0,1.77,60.0,5.12,16.97,14.14,5.97,20.0,22.15,2018,Indian Institute of Technology Hyderabad,IR-2-O-OE-U-0013
,,7.88,30.0,19.25,25.95,,13.83,13.99,1.0,0.89,56.56,6.15,3.95,27.08,8.63,20.0,3.93,2018,King George`s Medical University,IR-1-O-D-U-0523
,,15.77,17.51,10.04,6.98,,19.89,26.19,0.5,0.84,53.09,15.34,16.89,20.55,2.58,20.0,36.71,2018,Vellore Institute of Technology,IR-3-O-OEM-U-0490
,,6.5,30.0,17.14,17.24,,17.68,17.16,0.0,0.76,60.0,5.91,17.04,18.85,7.04,20.0,11.13,2018,Indian Institute of Science Education & Research Kolkata,IR-1-O-O-U-0572
,,14.27,21.47,13.27,12.02,,14.7,19.11,1.0,0.74,60.0,9.33,19.76,16.57,1.39,20.0,35.32,2018,Birla Institute of Technology & Science,IR-3-O-OEP-U-0391
,,14.86,17.27,11.39,10.95,,19.02,21.26,1.0,2.96,59.32,15.04,21.6,6.23,13.26,20.0,14.46,2018,Indian Institute of Technology (Indian School of Mines) Dhanbad,IR-2-O-OE-U-0205
,,13.44,19.58,12.76,12.07,,22.71,22.72,1.0,2.11,58.06,8.94,17.7,7.09,10.71,7.0,22.87,2018,Indian Institute of Technology (Banaras Hindu University) Varanas,IR-1-O-E-U-0701
,,9.77,27.69,18.16,10.44,,15.3,15.19,2.0,0.91,43.92,24.69,5.78,27.3,0.0,20.0,26.52,2018,University of Madras,IR-1-O-O-I-1357
,,8.19,19.96,13.42,12.25,,17.97,17.22,11.0,2.33,54.63,14.55,3.16,24.97,4.42,20.0,15.9,2018,Institute of Chemical Technology,IR-3-O-OEP-U-0308
,,13.86,20.38,12.33,10.52,,15.63,16.91,0.0,1.83,60.0,6.99,17.19,19.48,4.14,20.0,38.55,2018,National Institute of Technology Tiruchirappalli,IR-2-O-OE-U-0467
,,5.64,30.0,17.69,13.24,,14.99,16.29,0.0,1.76,55.08,6.32,17.02,22.66,3.17,20.0,25.85,2018,Indian Institute of Science Education & Research Pune,IR-1-O-O-U-0305
,,17.33,16.04,10.35,8.88,,15.22,26.34,2.0,1.18,44.48,28.69,11.98,26.31,0.24,9.0,23.58,2018,Panjab University,IR-6-O-OEMLDP-U-0078
,,6.85,30.0,18.61,26.98,,4.02,3.21,0.0,7.3,60.0,1.99,24.25,21.8,0.0,20.0,27.8,2018,Indian Institute of Management Calcutta,IR-1-O-M-S-8972
,,12.78,30.0,17.87,9.57,,12.56,14.2,2.0,0.46,60.0,3.76,22.34,30.0,6.82,20.0,2.4,2018,Bharath Institute of Higher Education & Research,IR-1-O-O-U-0446
,,14.93,25.23,15.4,10.42,,9.43,9.97,0.5,5.22,60.0,23.14,2.04,28.96,3.75,20.0,9.53,2018,Andhra University,IR-6-O-OEMALP-U-0006
,,10.09,29.9,17.29,10.39,,12.69,15.87,2.0,1.73,60.0,14.48,14.33,28.2,0.6,9.0,2.01,2018,Jamia Hamdard,IR-5-O-OEMDP-U-0107
,,15.12,30.0,17.32,11.9,,9.3,12.62,0.5,0.98,60.0,6.21,11.82,28.73,2.52,20.0,7.17,2018,	Siksha `O` Anusandhan,IR-2-O-OD-U-0363
,,7.3,29.73,18.05,18.65,,12.5,13.24,0.5,1.05,53.57,3.22,21.51,19.47,4.49,15.0,15.9,2018,Indian Institute of Technology Gandhinagar,IR-2-O-OE-U-0139
,,11.79,30.0,19.22,17.59,,3.46,6.47,1.0,2.06,57.25,18.33,1.81,30.0,5.26,17.0,12.07,2018,Tamil Nadu Agricultural University,IR-1-O-O-U-0485
,,7.87,30.0,17.44,28.83,,2.15,9.42,0.0,2.6,45.16,24.97,11.47,19.28,0.0,14.0,9.85,2018,Homi Bhabha National Institute,IR-1-O-O-U-0304
,,13.49,20.21,13.26,8.9,,19.39,20.64,0.5,1.39,55.14,14.59,15.52,13.07,2.81,14.0,9.85,2018,National Institute of Technology Rourkela,IR-2-O-OE-U-0357
,,8.69,30.0,16.76,10.02,,8.84,12.71,0.0,0.71,60.0,10.4,0.36,30.0,2.83,20.0,24.5,2018,	Alagappa University,IR-1-O-C-U-0435
,,10.66,23.45,14.65,11.25,,17.95,15.63,0.5,1.41,53.12,10.94,9.35,15.6,1.42,17.0,22.63,2018,"Indian Institute of Engineering Science and Technology, Shibpur",IR-2-O-OE-U-0584
,,16.0,18.4,10.8,9.89,,11.25,13.28,0.5,0.87,60.0,33.35,6.55,25.11,4.04,9.0,5.76,2018,Osmania University,IR-1-O-O-U-0027
,,9.77,28.4,17.09,11.35,,13.59,15.53,0.5,0.92,56.98,8.28,3.57,25.48,1.25,17.0,10.82,2018,Tezpur University,IR-1-O-O-U-0056
,,9.17,24.88,14.69,16.43,,9.07,9.13,1.0,0.59,60.0,23.76,0.6,30.0,0.0,17.0,7.17,2018,Kerala University,IR-1-O-O-U-0260
,,15.0,24.43,13.54,10.52,,9.01,17.03,0.5,0.91,60.0,12.24,3.41,29.14,1.32,20.0,5.03,2018,Visva Bharati,IR-1-O-O-U-0589
,,12.67,28.97,17.49,9.85,,2.5,3.72,0.0,3.49,60.0,18.3,18.94,30.0,2.62,20.0,10.08`,2018,Tata Institute of Social Sciences,IR-1-O-O-U-0331
,,12.02,23.83,13.67,8.72,,14.85,17.33,2.0,0.78,56.08,9.28,13.07,22.05,2.16,20.0,3.55,2018,Thapar Institute of Engineering and Technology,IR-2-O-EM-I-1480
,,5.99,29.46,18.07,17.43,,14.66,12.18,0.5,0.8,49.93,2.43,20.65,12.62,6.51,20.0,8.87,2018,	Indian Institute of Technology Bhubaneswar,IR-2-O-OE-U-0355
,,12.22,30.0,16.91,13.01,,4.53,6.34,2.0,2.16,58.62,16.83,6.9,27.72,1.54,12.0,5.03,2018,G. B. Pant Universtiy of Agriculture and Technology,IR-1-O-O-U-0554
,,7.45,22.73,13.56,20.48,,11.04,10.52,0.5,0.83,60.0,12.84,0.21,30.0,1.55,20.0,6.82,2018,Mahatma Gandhi University,IR-1-O-O-U-0262
,,15.5,21.82,10.99,5.13,,14.11,17.12,1.0,2.34,60.0,4.43,5.87,30.0,3.08,20.0,11.45,2018,Shanmugha Arts Science Technology & Research Academy,IR-4-O-OEML-U-0476
,,5.77,26.2,16.59,14.76,,10.18,10.13,0.5,0.53,59.19,4.1,21.0,18.88,5.17,20.0,16.73,2018,Indian Institute of Science Education & Research Mohali,IR-1-O-O-U-0377
,,6.5,26.24,14.97,13.74,,12.18,13.23,0.8,0.69,57.89,4.94,25.0,15.2,3.51,20.0,7.86,2018,Indian Institute of Science Education & Research Bhopal,IR-1-O-O-U-0272
,,13.3,18.57,12.45,8.34,,13.82,12.73,0.5,2.46,60.0,8.64,15.21,12.83,3.67,20.0,25.85,2018,National Institute of Technology Surathkal,IR-2-O-OE-U-0237
,,4.37,28.02,17.68,19.73,,7.14,12.88,0.0,0.44,56.5,3.01,5.62,19.21,2.74,20.0,22.39,2018,Indian Institute of Science Education & Research Thiruvananthapuram,IR-1-O-O-U-0254
,,11.97,29.7,19.38,7.95,,6.57,9.09,0.5,1.08,57.53,4.36,17.6,30.0,1.04,20.0,6.47,2018,	JSS Academy of Higher Education and Research,IR-2-O-OP-U-0222
,,11.97,30.0,17.48,21.01,,6.72,8.86,1.0,2.77,41.94,12.08,1.82,30.0,1.9,9.0,5.4,2018,Punjab Agricultural University,IR-1-O-O-U-0381
,,16.0,22.81,14.23,11.87,,7.66,11.11,0.5,0.53,5.03,17.87,3.02,30.0,2.42,9.0,6.11,2018,Gauhati University,IR-1-O-O-U-0052
,,12.32,30.0,18.73,15.84,,4.54,13.7,0.5,0.76,46.22,5.19,4.95,30.0,0.15,20.0,5.76,2018,Sri Ramachandra Medical College and Research Institute,IR-3-O-ODP-I-1486
,,16.69,21.11,10.02,9.06,,9.13,16.86,1.0,1.55,60.0,4.68,15.54,21.5,0.53,20.0,8.53,2018,SRM Institute of Science and Technology,IR-5-O-OEMDP-U-0473
,,13.0,29.37,14.23,6.0,,7.29,8.5,0.0,1.13,60.0,1.14,1.19,26.57,2.01,20.0,38.71,2018,PSG College of Technology,IR-3-O-OEM-C-37013
,,17.39,19.71,11.29,8.93,,5.33,11.92,0.5,4.77,60.0,9.57,18.36,25.32,2.26,20.0,3.55,2018,Kalinga Institute of Industrial Technology,IR-5-O-OEMLD-U-0356
,,10.8,23.6,14.47,8.85,,14.09,12.91,2.0,0.46,54.82,6.49,11.24,21.61,2.58,17.0,10.5,2018,Birla Institute of Technology,IR-5-O-OEMAP-U-0202
,,13.5,30.0,13.01,13.22,,1.38,5.9,0.5,4.68,60.0,0.9,21.16,28.54,1.54,20.0,6.11,2018,Symbiosis International,IR-1-O-O-U-0329
,,14.03,21.57,10.53,6.25,,16.17,10.9,1.5,0.86,60.0,5.31,16.2,23.92,3.02,20.0,4.3,2018,Sathyabama Institute of Science and Technology,IR-4-O-OEMA-U-0474
,,6.84,29.82,17.09,14.06,,13.48,10.67,0.5,0.77,48.84,4.03,17.77,8.78,3.38,20.0,7.17,2018,Indian Institute of Technology Patna,IR-2-O-OE-U-0064
,,13.0,25.0,16.13,11.28,,10.98,4.73,0.0,2.96,60.0,0.34,11.29,28.22,4.4,20.0,3.17,2018,Saveetha Institute of Medical and Technical Sciences,IR-2-O-OD-I-1441
,,14.8,23.51,14.77,9.31,,7.18,11.33,0.0,1.57,60.0,17.61,0.01,27.69,0.29,9.0,0,2018,University of Kashmir,IR-1-O-O-U-0196
,,7.0,30.0,17.25,14.96,,4.82,7.45,0.0,0.28,60.0,0.17,21.04,23.63,6.52,20.0,0,2018,Shiv Nadar University,IR-1-O-O-U-0642
,,10.0,28.17,15.49,8.86,,11.0,8.31,0.5,0.5,60.0,2.21,1.75,27.15,3.53,20.0,10.82,2018,Sri Sivasubramaniya Nadar College of Engineering,IR-1-O-E-C-16604
,,11.62,26.43,15.32,7.07,,10.76,13.68,0.5,0.99,38.87,22.79,0.0,25.66,4.36,20.0,2.01,2018,Sri Venkateswara University,IR-2-O-OE-U-0037
,,5.86,30.0,19.43,27.42,,0.6,1.37,0.0,0.15,57.99,0.66,2.46,30.0,0.6,17.0,10.5,2018,PSG Institute of Medical Sciences & Research,IR-1-O-D-C-45515
,,8.54,30.0,16.7,23.06,,2.84,2.75,1.5,0.94,52.41,12.65,1.59,27.33,3.11,9.0,2.01,2018,Chaudhary Charan Singh Haryana Agricultural UniversitY,IR-1-O-O-U-0159
,,12.09,27.32,16.43,9.38,,6.22,11.88,0.5,0.29,55.6,13.87,0.05,30.0,0.39,9.0,1.24,2018,University of Jammu,IR-3-O-OML-U-0195
,,12.5,19.33,12.85,11.5,,10.77,10.75,0.5,0.71,60.0,7.06,18.23,13.24,3.25,20.0,6.11,2018,National Institute of Technology Warangal,IR-2-O-OE-U-0025
,,9.7,30.0,19.3,17.38,,3.69,4.3,0.0,0.27,52.25,4.49,12.32,30.0,0.59,20.0,1.22,2018,Dr. D. Y. Patil Vidyapeeth,IR-2-O-OD-I-1110
,,13.68,18.56,9.36,7.14,,7.86,15.27,5.0,1.98,59.46,3.49,15.82,25.88,0.41,20.0,5.4,2018,Amity University,IR-6-O-OEMALP-U-0497
,,7.77,30.0,15.62,8.19,,12.71,14.83,0.0,0.5,36.75,13.11,1.13,23.99,0.0,20.0,16.18,2018,Madurai Kamraj University,IR-1-O-O-U-0463
,,13.48,25.64,12.21,13.97,,2.27,4.62,0.0,5.71,60.0,3.9,14.98,27.49,0.22,20.0,0.81,2018,SVKM`s Narsee Monjee Institute of Management Studies,IR-6-O-OEMAPC-N-10
,,14.45,30.0,14.85,6.51,,5.69,8.59,0.5,0.45,60.0,2.65,6.77,24.23,8.43,20.0,0,2018,Koneru Lakshmaiah Education Foundation University,IR-2-O-EM-U-0020
,,11.5,30.0,18.62,14.56,,3.1,5.43,0.5,2.34,46.8,3.29,15.35,30.0,1.17,20.0,2.79,2018,KLE Academy of Higher Education and Research,IR-1-O-O-U-0225
,,11.5,30.0,15.74,16.47,,0.82,1.82,0.0,0.0,60.0,10.63,1.06,25.65,7.33,20.0,1.22,2018,University of Agricultural Sciences,IR-1-O-O-U-0246
,,13.21,10.06,6.57,14.26,,10.6,16.57,0.5,4.11,54.1,16.2,1.91,24.38,1.94,20.0,7.17,2018,Guru Nanak Dev University,IR-1-O-O-U-0376
,,15.2,15.32,10.31,5.8,,10.72,14.97,0.5,0.3,47.63,22.29,17.97,20.25,2.37,9.0,14.76,2018,Pondicherry University,IR-3-O-OEM-U-0369
,,11.48,25.45,15.82,12.1,,5.44,6.91,0.5,0.58,53.44,16.76,9.01,27.92,1.17,5.0,5.03,2018,North Eastern Hill University,IR-1-O-O-U-0341
,,6.54,30.0,19.03,21.53,,1.38,1.56,0.0,0.07,58.55,6.09,1.59,30.0,4.76,17.0,0.41,2018,Sri Venkateswara Institute of Medical Sciences,IR-1-O-D-U-0036
,,10.96,30.0,17.15,6.04,,0.85,3.98,0.0,0.23,59.55,9.47,11.54,28.28,1.54,20.0,12.38,2018,Dayalbagh Educational Institute,IR-2-O-OE-U-0507
,,15.66,16.74,9.68,5.0,,4.12,8.46,0.5,1.08,60.0,22.05,21.92,30.0,2.71,12.0,4.3,2018,Banasthali Vidyapith,IR-4-O-OEMP-U-0389
,,5.83,30.0,16.85,22.09,,3.1,3.2,0.5,1.15,56.11,2.79,2.16,25.38,5.98,14.0,3.93,2018,Tamil Nadu Veterinary & Animal Sciences University,IR-1-O-O-U-0487
,,16.75,21.7,13.04,7.43,,2.67,9.27,0.5,3.62,49.08,11.96,11.2,26.76,0.29,17.0,14.76,2018,	Bharati Vidyapeeth,IR-1-O-O-I-1361
,,6.28,24.47,15.01,11.25,,13.62,14.51,0.5,0.58,33.9,11.55,0.48,23.52,1.45,9.0,26.3,2018,Bharathidasan University,IR-1-O-O-U-0448
,,11.5,25.82,14.33,5.45,,7.71,8.51,2.5,1.46,60.0,1.91,0.24,28.37,4.33,14.0,14.46,2018,Thiagarajar College of Engineering,IR-3-O-OEA-C-26794
,,10.5,22.79,11.33,11.24,,8.68,6.19,0.5,1.86,60.0,2.43,3.17,23.84,4.11,20.0,12.07,2018,College of Engineering,IR-1-O-E-C-41593
,,5.5,30.0,17.09,19.84,,2.37,2.78,0.0,0.32,49.65,0.5,19.12,28.33,2.21,20.0,2.4,2018,Mahatma Gandhi Medical College and Research Institute,IR-1-O-D-C-47762
,,7.99,26.96,14.52,1.37,,5.32,8.22,0.0,0.23,60.0,6.09,1.58,30.0,0.0,20.0,2.01,2018,Goa University,IR-1-O-O-U-0121
,,9.65,18.59,11.83,7.66,,13.22,10.03,0.5,0.6,52.85,10.08,0.87,24.25,2.07,17.0,18.88,2018,Cochin University of Science and Technology,IR-1-O-O-U-0253
,,12.08,21.5,8.37,5.82,,9.68,13.41,0.5,0.54,60.0,2.86,6.8,2.61,1.42,20.0,15.04,2018,Delhi Technological University,IR-2-O-OE-U-0098
